Remittance outflows (US$ million),2000,2001,2002,2003,2004,2005,2006,2007,2008,2009,2010,2011,2012,2013,2014,2015,2016,2017,2018,2019,2020,2021,2022,% of GDP in 2022
Albania,0.0,0.0,0.0,4.13572807,4.86374036,6.5117980461410605,26.532132030652928,9.94,279.7,229.8197823330384,209.30682156565598,150.85510534462838,215.77564388998007,190.5512936434099,178.722842218417,153.31240047805892,147.15675738801244,106.33098291276094,114.87933694313179,119.67964076947914,124.63037566919759,140.34430970129867,149.48965321212165,0.7833655778028699
Algeria,0.0,0.0,0.0,0.0,0.0,26.999999999998785,35.000000000001585,48.86373265194798,26.782545164134874,45.70240583643372,28.0,30.901604941008035,44.242618918850376,38.715810197915296,295.9221121414799,72.12899059293858,76.63349632156572,214.37805673439382,87.00638320505239,81.5453645801962,149.25346526299762,83.25931940874878,60.22159792386957,0.030873371231349107
Angola,266.29,216.06,223.50795912,229.84996999999998,296.0095912,214.9052159,412.66678497,602.6714512799999,669.453676,716.0,714.458886,564.261541640106,2051.320868263263,2395.9658557973194,2746.6158731854075,1252.9090116900002,1176.11031356,961.4152762399999,681.6270154922674,549.0820425510593,576.4714367789888,445.40014382405803,517.6681873929803,0.42161913275912416
Antigua and Barbuda,1.558148148148148,1.5644444444444443,1.4114814814814813,1.4892925925925926,1.5667370370370368,1.6701407407407407,1.8371548148148147,2.1311003703703704,2.367652222222222,2.1223629629629626,2.06696,2.0471162962962963,2.1576607407407407,2.222448148148148,52.099999999999994,52.82264438,54.74292749629629,55.44539011111111,54.17426754814814,47.77273321741111,44.60805724616556,52.574952038868524,59.787266048250416,3.400868375895928
Argentina,267.7,256.09999999999997,119.55000000000001,180.41,234.47000000000003,314.01,356.5,463.19209727043307,631.436069113049,766.5715483081789,1037.765445694394,1137.05450560572,979.2059223331753,887.8034865611369,732.4145571459818,685.0013659142787,769.2420579867332,1060.484529955312,1010.3755356443319,669.9322914146255,521.040572482506,596.899083055417,590.4123433963903,0.09362618550987309
Armenia,3.52,18.08,22.79121445484634,25.591178,184.1668452596311,207.3690581414882,182.0599332143101,238.8327306794502,223.59746686358557,180.49451585985582,227.42987633583851,300.39419348561984,314.7886917454556,355.2978612338362,390.5899788144923,363.78846880536753,358.0155071149378,367.4964437645902,341.2625754164423,362.6718341478563,304.365569428434,352.7756077196482,605.4404546451947,3.1025953399876736
Aruba,43.74301675977654,39.11173184357542,45.9608938547486,47.6368715083799,49.072625698324025,61.93074493957178,71.86417125112862,73.07262569832402,75.64245810055866,72.96089385474862,64.91620111731844,63.910614525139664,67.82122905027933,96.60063573449254,101.05532190846017,101.22753239930084,98.0,108.04558464098147,111.65095692643361,112.62759755060499,101.76256721989665,111.33164874942003,110.36103827182616,3.1131463546354348
Australia,868.990623794047,855.0783674215286,991.4884924146961,1380.8071378144095,1608.9665095388423,1531.0792164499176,2051.2272194533475,2980.8708740737566,3366.427026749123,3224.4011816774973,4655.461396622254,6597.638171474064,7288.016963602329,7353.448444880347,6916.961339983245,6032.850094659934,6179.374297708557,6793.253706781762,7268.447090409901,7438.424190330277,4422.969039301674,3810.033247029249,6545.836916461583,0.38447161831352095
Austria,0.0,0.0,0.0,0.0,0.0,2118.6724810334554,2302.2,2592.0714659529845,2984.770130750559,2909.179496783331,2989.9783049061966,3622.7558523809294,3450.702386156926,3895.7007785215333,4962.526962174311,4750.215267752608,4885.123590773487,5369.093592332485,6206.351378910259,6423.312126488024,6214.084544945243,7042.6936610389575,7119.998421090392,1.5115935046240319
Azerbaijan,100.96199999999999,141.882,187.88099999999997,131.284,172.305,239.397,274.348,404.53499999999997,567.345,638.1009999999999,953.5889999999999,1279.63,2072.681,1902.6000000000001,2031.324,1293.019,740.236,603.318,579.5,621.549,731.8779999999999,812.858,811.938,1.0314122025888899
"Bahamas, The",56.17,53.62,57.66973,62.75,71.39,83.96435,100.28999999999999,94.99000000000001,65.92482,63.34,88.03999999999999,119.727,139.704,138.725,150.8192409824,178.8001407306,193.8485178571,262.3281674932,210.70145042809997,206.89999999999998,235.46849352000152,246.1343280200017,216.50792247999863,1.6787463943552658
Bahrain,1012.681829787234,1286.9188510638298,871.5425531914893,1082.18085106383,1119.9468085106382,1223.4042553191491,1530.8510638297873,1482.7712765957447,1774.4890212765958,1390.9574468085104,1641.7553191489362,2050.0000000000005,2074.468085106383,2165.9574468085107,2364.36170212766,2367.3,2391.4893617021276,2465.9574468085107,3268.8829787234044,2890.1595744680853,2738.0319148936173,2526.86170212766,2711.7021276595747,6.109776553319007
Bangladesh,4.3782166851098925,3.6997067081567314,5.734840986057328,7.068562161971785,7.743207699491124,5.5,3.3222095083878544,2.8098322420427824,14.330657115053508,7.791556368234099,9.418584306846945,11.612731706398234,11.741740257177064,19.553597140380074,32.521361434843215,32.102746715594286,41.21354068927695,46.83824451161324,56.93218462115269,82.79258832592859,94.82781418366169,100.46483701800284,136.76574215042504,0.02971869729757759
Belarus,9.600000000000001,33.2,48.800000000000004,28.099999999999998,47.1,52.199999999999996,70.4,103.2,171.0,133.0,115.7,133.8,141.70000000000002,150.79999999999998,181.2,162.3,123.8,137.8,159.9,185.89999999999998,245.2,240.20093905,236.1054921,0.3241648824054369
Belgium,0.0,0.0,1628.7417413896976,2097.327653918991,2342.4835005050472,2426.0836505462485,2564.697223166728,3201.618745394667,4123.8,4291.702746261403,4142.28527316016,4504.3667709956435,4303.01819784427,4548.072301030756,5251.3098382084845,4441.158754041149,4564.8187157493585,4747.435274462937,5611.3637246703365,5335.509512608165,6058.985994884948,7104.602897113993,7031.047117762468,1.2142194694776298
Belize,6.435358715,16.029825407301963,16.651088771768524,19.74950896578509,18.013818139463524,19.332237978542018,20.60862833764989,21.45497541592177,27.977571046178973,22.50892220453628,21.99180770542831,23.5,26.32684622594624,31.523217674276836,33.26979750727424,41.16136053044011,45.20222080037393,45.60761989013333,42.97910073585681,41.88105182840853,42.407418735984116,41.69583097359389,41.39547238296429,1.386782994404164
Bhutan,0.0,0.0,0.0,0.0,0.0,0.0,75.1,60.50340367935418,61.007916244212,47.650215211313395,70.77976566615138,92.28327404902461,73.7651823259175,57.949829288899195,52.11952197263568,54.95872117178325,52.526250439501126,52.58943824174649,57.52418942220531,64.99091575253742,47.98051479725062,27.4654623391006,33.67363691018957,1.2692663743003985
Bolivia,37.0,36.38,37.88,45.781410246114504,50.586782926162854,66.71982004045,73.240336466,78.912289447,105.88344960071571,103.47,101.7840717,117.2585635394641,147.11267228584856,172.15881423779308,180.10000000000002,210.1757435214052,222.25046434047852,232.927804367505,251.81564331512732,275.4215737365872,215.67993157125693,293.7313824572382,319.3064308930044,0.7205380365406846
Bosnia and Herzegovina,2.350912046756796,10.807341191996077,14.009275681038833,20.02161401881888,62.06734078384741,39.99345004642741,54.51013098795343,65.4,55.292739197482604,55.05585186908742,46.440159072517275,51.68011414310264,46.846961264849696,48.445049036559936,46.84704515745104,55.544289464584956,60.51250294275377,63.649593431100286,83.62891250317269,84.37379955669876,96.76034448399824,105.82753681540801,103.48445587604262,0.42204101091371377
Botswana,133.94112718429307,129.09197255232027,129.6161509742076,185.58891777224042,99.20036927884108,107.03290174427127,97.41008181397186,98.64607420096134,57.5615679031087,59.50369164933872,99.80000000000001,122.3114870091032,124.13050902489894,97.48926438696316,105.39685746498583,94.7421117026077,80.44798079588482,81.24653489425,63.43891056939022,99.40376084786875,182.22886857086155,242.6741481263512,209.80834636614196,1.0308979282927573
Brazil,338.325,344.83299999999997,329.421,295.98,339.49300000000005,373.953,529.306,562.634,813.083,730.8960999999999,1023.6999999999999,1123.8171215799998,1063.6708867900002,1150.18900834,1538.77589725,1339.08689017,1385.07600647,2238.14084416,2253.24743004,2231.58319817,1607.7873522099999,1755.08176344,2238.38317235,0.11658106034927707
Brunei Darussalam,0.0,0.0,89.2257320647701,96.97567354830451,353.78165980078955,375.5746789328789,405.46649367827877,430.2853466496893,420.3601590495743,444.81743855759265,0.0,0.0,0.0,0.0,0.0,0.0,0.0,0.0,0.0,0.0,10.149953862664402,10.418163014293913,10.442679722374086,0.06259848772553703
Bulgaria,25.957718796530465,26.957168672357803,14.49271600146842,12.586214157214389,29.436635345077697,35.45228532738008,49.57745277195734,102.60542173924648,161.81095199894736,101.24992856739439,90.39999999999999,104.54,107.09,161.95000000000002,169.06,114.85000000000001,126.53,163.04,195.08,204.57,189.12,157.23000000000002,188.04000000000002,0.21100824776973576
Cabo Verde,0.4793936450076878,0.28277006350795303,1.5214387717339277,7.190099313633577,11.977563116553824,5.170967048750809,5.7184823263439775,6.022910782385461,10.00757950398209,11.724051281500973,7.962675691116592,8.626301031678727,9.9,9.84711392319058,11.394438809534496,14.207581324919484,36.46083090825147,44.233167234770036,40.25257867945817,37.19780389324299,37.059989298664085,35.34771394786407,30.250252863623743,1.310669534819053
Cambodia,59.6179,52.34645,69.65603999999999,56.19808,56.24679,128.4905,120.2405,118.3965,170.6275,159.28713188463635,163.0,192.43681910118642,265.124288352564,297.25564481540096,359.610112126491,314.34083523897505,356.8574920121965,324.477385964618,309.8026267557384,279.02493988337596,226.4590746516703,259.2441487658358,302.33622590368356,1.0491228603778318
Cameroon,30.05471733677426,41.76214682469285,55.8387796577531,56.8640220006648,42.24614694144047,56.198255161085825,91.75277343950708,89.6823569736026,56.57622792800255,130.4696110016787,54.23264182459131,80.71747677135232,72.90086753733476,65.13064284014094,82.22662742090873,75.60743495524477,81.19999999999999,83.59286367821878,88.88795741668862,86.39625625509686,101.57811243727491,40.311259134872564,32.27896293851086,0.07282830860184752
Canada,1696.6222594351043,1774.974003288466,1970.679764058526,2242.154647119838,2610.530518919897,3261.615579717144,3286.690324299493,4567.0222410890565,4859.141896898049,4662.098288991501,5290.453957417123,5557.756827741734,5629.382995173408,5702.499908425154,5948.213016806358,5114.157603633637,5255.722464641915,6482.765219330161,7578.422449323885,8763.218444024726,7458.003424316359,8077.519278230477,8328.009711610553,0.3895344867936154
Chile,15.6,15.7,15.9,3.5,3.600001632160229,3.199999162899985,3.199999841220233,3.200000504991294,3.1999997251396053,103.9398620000006,148.78898899998413,177.0894709999824,237.6274829999823,310.1046159999894,304.4349329999779,386.47676899998214,345.5940935428733,492.037287263703,623.8662997138281,722.743058630458,615.580366397797,636.974680335048,675.62154936892,0.22466125627023667
China,754.29,936.0,1172.9432403348,1597.0689544748002,1997.9942757942,1817.4,2329.99281257431,2493.058145241023,2736.3907913778444,2051.656434,1455.455375,1618.147148,1788.058506,1714.202599,4155.30205229,5718.19107259,6210.890955569999,16253.28687731,16548.07839586,15135.300288470002,18295.88948274,22957.840161890002,18255.86570618,0.10206601737483222
Colombia,219.20000000000002,204.46332850050416,157.5482586654473,64.95290920230867,50.53270417051441,56.1614036064596,65.52690595971303,95.05691251864789,88.29170276565739,124.47546091634123,151.3256919154132,222.9518999935365,246.2426471701075,277.9704220087563,399.08165555090255,333.6830532413806,258.6245669696539,291.72737635256044,312.66393608391354,348.1727054507341,254.08491251704888,385.71808443218566,419.01947424246123,0.12194198108458167
Comoros,0.0,0.0,0.0,0.2115316625499024,0.3160528095089313,0.39955111495624074,0.40835158760854573,0.45574167659503845,0.6670846868845027,0.5942964713070092,0.7866116985476331,0.8953310972842202,0.8263995907601892,0.0,0.9816941795209109,1.061490514070976,0.9206015078834398,1.9291458744800085,4.708655667844136,4.660667553377052,1.0641868422708023,2.9915081711656897,4.450271137682902,0.3597632285919889
Costa Rica,142.39999999999998,140.49179145090199,147.8011106689109,192.016734,191.5482344,209.02905,246.34342936172558,271.4142813773672,268.61817199,238.59820000000002,259.38291200000003,290.54335830802535,346.0354327576023,402.6046370399864,419.22282917186755,407.7840452301908,416.12921348039833,468.50481136368705,506.6934515811335,528.443216045356,490.881074901057,541.463307521034,566.181674696706,0.8280778592378657
Croatia,92.1,100.42619467539913,128.4172186765676,157.68114635041283,165.31687114232025,197.0455731639376,262.22295697390655,345.28458872341474,392.88399538424403,350.2367657295266,332.84388829572606,363.44173724726727,247.44015642688555,390.28325889614723,443.4710122047044,413.62881395857227,424.7756767411088,466.62662671097974,532.4982420440851,532.746198797381,570.2134700473451,632.1321738226961,600.9079207927504,0.8517717310097386
Cyprus,48.199808127274885,79.2898447603301,107.04159518548265,183.9198041531987,213.44284273232904,240.67453645814555,239.60465682760812,304.6771506925051,814.0,694.8263328817073,951.9932135065138,895.4185968960155,759.751776380049,742.2617950643745,790.206517419465,634.5304366537067,689.854494167957,776.5219931458655,869.9511145750112,840.8057880004401,863.6321120321037,963.2866220024996,833.379821598221,2.9281466624441204
Czech Republic,602.8666779054441,711.1134683826393,892.5507093432246,1099.9062176162604,799.5,1340.7064598535642,1677.693601209574,2295.8093097445517,2586.100789092754,2044.6022120378718,1496.9822526705373,1522.1378501490403,1334.6259444268687,1079.1986200845472,1523.3334185186727,1376.3923393545824,1658.6047482293836,2055.5104478686976,2786.2000904471424,3447.0703544776293,3251.663148542569,4069.2206489777536,3945.5352791278087,1.3580568066168524
Denmark,661.9575289194889,744.8172196917408,860.1175777740483,1029.285318119176,1226.1774512622414,1511.6,1775.3078745045266,3053.8902145806383,4024.5810533738504,3390.9695839264136,2833.3427040010997,3148.221907694286,2979.3977067869487,3058.9952264407916,3171.598140133584,2781.2620092514344,2914.4301904719105,3140.5919423079185,3392.801094091937,3363.4229492311924,3402.4947683866085,3724.847528898944,3856.1754847349025,0.9613401021464388
Djibouti,1.761187479251186,1.7780678704261172,1.6880391174931493,4.8390454701470285,4.670241558397713,4.670241558397713,4.726509528980818,4.698375543689266,5.120385323062553,5.789974173001503,11.619335925411178,12.857231278239487,12.407087513574647,0.0,0.0,0.0,0.0,0.0,0.0,0.0,1.6880391174931493,1.1309862087204101,2.0,0.05461496450027307
Dominica,0.01111111111111111,0.006666666666666666,0.006233333333333333,0.0062962962962962955,0.006629629629629629,0.007144444444444445,0.00742962962962963,0.007896296296296295,0.008055555555555555,0.008085185185185185,0.008016296296296296,0.008038888888888889,1.616552222222222,1.7015888888888888,24.8,24.805920918518517,21.161683974074073,20.317892457777774,14.322031001215997,25.71845775185185,22.197612036800518,20.281319296059777,19.795941214796876,3.1572474026789275
Dominican Republic,19.3,21.7,22.5,22.9,23.9,24.7,26.6,28.2,34.5,26.9,534.0,565.5,565.2,531.1,574.8,585.0,617.1,651.4,622.7,741.1,837.3,871.8,954.5,0.8382145021207836
Ecuador,6.0,6.932673063000001,7.281253067390001,6.50469417284,6.5,54.02003699999996,62.455627095238114,83.15561815638095,65.59744357776827,95.34786585166245,135.97115248992066,148.37507353529992,154.0491085017469,167.26821110415895,195.91506363213438,291.5336622006591,302.4,371.4695047729195,467.4453074935833,654.6689802879423,518.0196714919215,603.9660534911752,636.5277209509497,0.553266626351337
"Egypt, Arab Rep.",32.0,34.7,14.4,79.1,12.8,57.2,135.0,179.6,241.3,254.8,304.8,292.9,292.7,354.9,351.4,622.7,352.2,270.8,514.5,471.9,444.9,442.1,395.4,0.08320164299046147
El Salvador,19.2,25.7,21.6,24.3,32.3,24.0,27.98,27.53,18.5,20.033,22.092947,27.192390030000002,26.89727814,27.678165540000002,51.0517282,74.34014528,164.99021216999998,187.45348393999998,189.76089938,233.04859423,186.71942160000003,262.1742255899998,275.51826666,0.8480355402136107
Estonia,3.0382264001468586,2.237405010968756,4.758523048817968,16.4,25.310403311688393,49.18988686992417,73.83084853984005,90.856579140818,127.90538658580968,92.42648802446566,123.27963708932161,113.54146349842334,113.16492502160295,100.29264508471334,113.88703568817984,93.68219244057153,121.86805290030645,150.9582748515803,234.3375430027748,249.20537665159344,244.60533240992655,285.99910396241046,332.2740439563186,0.875534357345837
Eswatini,20.743452587804175,26.487653635648854,21.147363374637532,38.85617930270654,4.102672069916641,7.976785808354502,16.586307982946778,7.861622499331119,6.339630087069432,10.725156325668893,11.692037265664387,27.799999999999997,49.54787054590652,27.141111141873015,17.501863181514103,19.330858635366774,18.84975345324301,19.467166588036147,24.23354248032353,26.89145126730286,24.421403352557462,40.599677079773244,40.56243616923009,0.8385866481130884
Ethiopia,12.556900749315643,14.02347789781563,16.578457701103947,17.266999850196143,9.223744770198806,16.399501054888237,14.131041586253405,14.567672842301786,21.3039897457363,26.549565240066666,46.967151950651015,21.832481874453357,19.88214540313963,23.077322292923796,14.253223300570529,14.437634411013919,29.86953926321458,12.461832148055002,8.68944930751725,19.080067104201305,17.079651631943072,14.213187631624374,20.498638923725096,0.01702983236857089
Fiji,2.2192786344407813,3.814692529455015,3.892612936588783,3.82791309051075,16.1428447421348,7.8999999999999995,9.75980079715804,9.142800851938642,12.870527151512702,7.158571442402568,9.631117095620835,10.533776769860701,8.225967421085768,8.469046511287686,10.66048437470053,9.666037820310066,13.015472765623262,14.91736323067137,15.730151268062446,11.256018112744709,7.445206260306845,12.1919434907483,13.56984050484029,0.272486757125307
Finland,99.71615007798846,96.71085453363405,113.50698861986157,149.1603999766755,224.8745220595237,266.2,436.8466610561417,553.3232726505843,684.992069414042,686.7119884048503,720.8324159177463,445.2099784577894,774.4485566615648,1084.9761065362732,1015.3690080714259,927.6591814888415,882.1811000032145,997.5041497234981,1011.1540232783886,973.7632344426295,927.1197581131382,986.3634735930711,1002.9560891369082,0.3542462274964002
France,5120.657542467605,5384.60962745099,6134.107943231492,7721.669639814502,9094.683582689931,9470.052385131774,10285.441104426265,11945.2143377971,13269.362770089698,11766.845174633409,12026.060391507812,12857.522696011794,12561.16024253095,13424.774110175635,13729.849894483139,12791.549840918216,13284.455662470054,13798.960222936134,15022.558189931326,15041.212238839107,14833.738032048006,16682.76278036795,15267.430312655617,0.549161275299324
Gabon,77.57983233943558,95.90082829480463,96.44926506884532,115.15651042067752,110.29845828173147,185.59414692404476,0.0,154.76349017878826,277.6564108080817,253.4783460329841,159.04230676788217,239.37934220478675,355.74406770588115,250.45540972633546,280.69539401230764,121.71115046509422,0.0,0.0,0.0,0.0,0.0,0.0,0.0,0.0
"Gambia, The",0.0,0.0,0.0,0.5261034898022912,0.5221430731960457,0.7429458637547646,0.9467063473329123,14.640731874283947,3.1853235466297356,8.412067918793813,58.1190881989003,91.36270871702821,66.13600229763183,69.58519435994688,25.235850134266776,20.5,17.79742918521699,18.17436527430621,19.006746070219073,18.92594295036288,18.308188550361898,26.83681134433563,21.14893706190083,0.9786643712124401
Georgia,21.0,19.835373230000002,18.91161519,22.164542570000002,23.86931399,27.10735243,26.74126759,31.69914319,50.97989957,33.60906911,55.13216564,76.80046359,86.73244305000001,87.71448775,86.13111008,95.86242306000001,100.49240012000001,122.15426191,151.14958670000001,169.88374213999998,76.89498562,106.32682378,290.32555037,1.1798973842558724
Germany,8662.856855468694,9184.539370748447,10126.521386574817,11566.286326823116,12607.398368362186,12705.661655871565,12705.044233790219,14079.161786563905,15236.46387887648,15336.343939816528,14682.106066378039,16125.581285632998,15581.428609472596,19976.705774634574,15463.161755225616,14320.879460606257,14685.62445484806,16466.27779344908,18075.4955065018,17778.35432012967,15683.839268973326,17621.088104978375,17104.357293871803,0.41864152619531
Ghana,6.0895129065472,6.3992,0.0,0.0,0.0,0.0,0.0,0.0,0.0,0.0,0.0,0.0,7.99,4.84,8.94203167182118,2607.1063873377398,1548.90968762726,1112.21,956.248076150446,667.2625062602269,727.201189577844,812.831957035108,952.6689038437944,1.3187006406763206
Greece,545.0997119096395,536.1526784816657,411.7338938242064,379.4747802509882,496.95458384158877,902.0510359718949,982.3161130037388,1459.4830450701409,1912.0666198185568,1844.5,1931.8190130715473,1941.8070643008473,1437.386208766269,1291.061264939579,1424.4991974017448,1870.201142471005,1800.3188755291726,2083.354726702324,2287.128999210023,2666.1984393110997,2725.263243974984,2937.5638884774703,2937.323542572939,1.339787601863244
Grenada,1.2148148148148148,1.2148148148148148,1.2148148148148148,1.2148148148148148,1.2148148148148148,1.4225481481481481,1.4768888888888887,1.59504,1.7958562962962963,1.496148148148148,1.511708148148148,1.5544096296296295,1.6001092592592592,1.6651462962962962,43.7,47.65008551029189,47.840931256666664,52.198995456666665,54.50671536623696,55.65999598829948,49.66976923846211,48.392648093988036,52.40984409189278,4.310020073346445
Guatemala,55.6,32.4880933102828,81.92295720999999,86.086,33.7,42.099999999999994,45.5,16.9,26.5,21.976599999999998,20.76247,26.790599999999998,27.9052,27.745530000000002,26.12559,22.906100000000002,18.78648,18.333869999999997,18.91029,18.00769,18.664569999999998,19.967930000000003,23.85243,0.025106763925729438
Guinea,26.910849502734383,36.833045673392206,17.810000000000002,46.37641098460284,47.95,59.86000000000001,51.599999999999994,38.96,55.510000000000005,44.9,40.980000000000004,38.809999999999995,50.72,80.67999999999999,35.85798115139774,25.6995005148516,33.87067712235626,27.78,22.89,82.69,22.62,43.55,134.9257,0.6645276792750198
Guinea-Bissau,0.0,0.0,5.416160532471906,6.488296564962505,5.373995144276298,5.351981988524216,4.322131856121792,4.4,16.750187023369577,20.190171034295766,19.650119024303553,29.957650227142402,24.96498051466419,34.54517590961691,36.5239155801444,38.406676667913096,23.573999999999998,48.288166838500686,56.71545749134011,98.05157900712568,78.64117550679478,89.26287079978947,0.0,0.0
Guyana,27.4,24.1,53.1,50.4,80.627,54.806,48.429,61.144,72.15444274,85.62487503,128.119878587356,138.27,183.688021187932,122.837355318773,122.22953032359601,132.0,137.96341260340117,139.3315081905201,142.3911336897954,149.0605255066313,130.3192232451372,196.7049257372356,153.4177355542289,1.0559414657184176
Haiti,11.0,19.34,22.0,31.35,38.52,59.686,75.515,96.408,117.08021167777781,134.8240037777778,166.9785616606625,240.2373935333332,231.9240771555555,247.69432073333329,248.5970743956264,247.2976612506611,266.3401223100867,297.7103404301353,309.403439143222,284.9752986127222,549.4832071720001,678.498745922534,725.386292381882,3.532438725989199
Honduras,9.4,11.5,10.899999999999999,12.00481871,16.634547,0.483545772191016,2.121696766639146,2.48722,36.95,27.18794039,27.285337546176052,32.975283767490325,36.43174342233841,40.9381473901,42.1,41.1,41.1,261.1486902792135,288.1370230458692,329.9333372278524,291.71044351771036,343.8631852664926,338.51906091497614,1.073879582891781
"Hong Kong SAR, China*",225.38493267787678,308.51099973825717,298.88765653350913,317.2068357675791,320.6206560991401,348.0866643549639,376.5509184281372,387.6250089079173,393.1066553335273,413.32624377410616,482.936786176408,554.3449736785217,607.1185052231468,656.3980551619428,711.4986991346282,758.6705606007783,816.5260025845763,875.4733437899575,933.9730458145414,997.2160593433493,908.5459673611538,905.0155709782717,900.8651513756363,0.25035228293087636
Hungary,301.2895444342289,314.9750999073376,391.6342482258767,483.6263643439161,581.7617115328594,697.440225273857,797.9073421386482,999.7746972137511,1119.427431323928,896.3158971687567,859.8924872134338,913.9316926024519,863.0971894263625,858.4808891935104,868.8450382021663,676.85184605136,782.1063476666703,863.3527901816136,1093.917694940058,1381.1188137714755,1255.089391908554,1310.2775895047369,1439.6645037384071,0.799755853043062
Iceland,23.395768889237964,14.29969309974893,20.67505880546328,19.336937509210962,28.35288911804387,54.42624963087869,81.59243075982076,114.80263700589597,100.76335008366823,68.067536128923,67.19385138998643,72.73845076135015,65.98357886500177,72.58195821319251,95.08718721022379,84.51622569545077,139.9581889117353,325.2960995917515,356.2169310924236,376.6362941638721,291.00795468544214,340.9512764466045,386.70110814846436,1.377876743803543
India,486.14191892058784,751.0846973280293,1186.8001480518162,1265.4198100287567,1652.7831744797627,1348.2828578368478,1561.8653622548627,2059.330846416953,3812.3635805274143,2890.0,3828.6784984633473,4077.745355884924,4963.082153948808,6431.771261443804,6221.785952855262,4882.832496029115,5622.636934737198,6958.929627681167,6781.570846837902,7531.590149758273,7010.825358501104,8181.397793024899,10088.812317366739,0.297632388026357
Indonesia,0.0,0.0,0.0,0.0,913.2215155788024,1178.9157449110558,1359.0661959565732,1654.25,1971.467529684843,2701.592136178098,2840.0,3163.740018455644,3633.6133249824643,3951.1089634133596,4119.081643741526,4605.139443455808,5150.593774537164,5177.356261761918,5148.052050626533,5070.875384270985,4546.939545852018,4343.3832143252475,4636.183168331498,0.3515439851146793
Iraq,0.0,0.0,0.0,0.0,0.0,82.5,781.3000000000001,17.3,31.400000000000002,26.7,48.4,78.0,548.0,484.0,599.3,539.3000000000001,349.6,396.2,499.7,664.3,580.7,852.4,633.0,0.2423987133338439
Ireland*,0.0,0.0,0.0,0.0,0.0,1440.0422903979775,1853.312504713455,2519.896788508815,2672.74670451797,2550.7870270858625,2266.001454834047,2194.9564639474966,954.4205926426749,909.8451320939812,934.1,703.5475609748369,694.0322429411482,1613.2575660368595,725.1228996703298,754.3503541125452,623.775986168865,535.7454139249642,2131.6739973349627,0.3995198276732213
Israel,3255.1,3038.7,2780.5,2501.9,2217.8,2205.6,2381.2,2824.0,3679.4,3464.5,3768.5,4251.0,4220.0,4837.3,4836.6,4732.7,5004.1,5873.1,5902.4,5909.5,5549.9,6543.8,7613.9,1.4502583794759267
Italy,1945.1375036764416,1897.1274885440803,2062.4579597780807,2513.5318603247733,2688.6356508657964,2587.6788700183015,2463.936256973489,2870.2568493563576,14445.39989583948,14402.098597250775,12882.879135786405,14509.942723018034,11821.288113610346,11565.68255180433,11135.811955508369,8860.397466692733,8677.587198877718,8841.573147745445,9906.85158773809,9577.332780600536,10194.686590985837,12286.886853751806,11586.496052218648,0.5758655780833856
Jamaica,152.0,179.4,242.3,322.2,390.8940110778,368.74151438,357.92685010484763,396.1825776016667,364.617028726,268.9977113729212,279.30992690478837,305.4,333.5405132165047,297.4257075385832,275.08179834313455,287.14024449268754,298.1124848583854,313.9692435019417,309.1106627151201,324.8825120186888,306.2755378763927,346.66466540198354,363.4482013906107,2.1375533811128076
Japan,2530.7812783859217,2345.078420989574,2678.810110406569,1504.2854717280538,1212.182602775129,1149.5373167201467,3332.1645886482843,3639.3719433653946,4548.088347383792,3932.046367463068,4365.714732559662,4536.170392333342,4042.571070644931,2872.330559776836,4214.76175833123,4000.3414212035177,5066.8696850594615,5282.863264345608,6150.517742849173,6827.885453325267,8245.330486376846,6133.593629676977,4521.943147018018,0.10671181752705866
Jordan,197.46121297602258,193.2349226042158,193.93516895743,226.93935119887166,272.07334273624826,349.2242595204513,401.5514809590974,479.2667347285998,471.7791677301549,502.2535211267606,605.3,549.8591549295775,684.7887323943662,534.9295774647887,675.2112676056339,596.7605633802817,570.0,672.8169014084508,637.1830985915494,574.7887323943662,393.09859154929575,531.9718309859155,522.2535211267606,1.099041480516763
Kazakhstan,121.5,203.1465,364.81756309138405,650.850447,1219.483642809356,1893.131774858688,2958.485460452029,4212.277481719376,3461.671985159943,2934.0612835818342,3005.774880437663,3409.435906800476,3432.439704728681,3386.49373539602,3457.352394127324,3181.475768052969,2396.148203760261,2690.697275004375,2680.0810276183465,2660.169693958282,2080.8348872067386,2584.5764605707845,2373.101120174079,1.0522376812623115
Kenya,0.0,5.091442627810644,5.7143479976554215,6.58452953810806,34.02296482005331,56.408976704830614,25.399012362981935,16.364507589617535,64.49540113226189,60.80384802280323,19.103878457900134,25.9,14.509118397606976,16.198367005914125,170.953253978789,35.05086791859454,17.90789666473598,20.214354788231777,10.730012936166581,2.5639285520391595,8.394378967155978,8.973960160437102,11.426138355276873,0.010049285718926722
Kiribati,0.0,0.0,0.0,0.0,0.0,0.0,0.1,0.5451327702212903,0.6346591661171015,0.556991456175973,1.0309684170388005,1.2006291128583904,1.2160647286793518,1.2843591117575717,1.2501947319523066,1.0278206599957946,1.0352838851112867,1.071188735797722,1.079297749664646,1.0297724308391887,1.0560880277960771,1.1989513301669177,1.107973949755242,0.4946312275693045
"Korea, Rep.",3640.3999999999996,4486.5,5862.2,6806.1,6930.9,6898.799999999999,7462.799999999999,8019.3,7884.6,7491.900000000001,9544.199999999999,9979.8,9756.1,9402.6,9977.6,8719.5,10784.3,12888.0,13530.599999999999,11231.6,9684.0,10338.9,8300.5,0.4958728539109167
Kosovo,0.0,0.0,0.0,0.0,172.3417255561783,161.86559061260752,120.04812603941521,96.11541194105175,127.06421316758417,155.67435806071845,127.12064266216127,151.10505711129647,117.99921844958916,106.3,99.79578478193336,68.39589816736388,66.75450301422924,61.995082330492146,58.958746843126875,42.01601843618181,49.72116145936993,53.00269733531812,60.71223186664692,0.643342501500974
Kuwait,1734.3023765973514,1784.9126944877676,1925.5431319550194,2143.876846363078,2404.479131319986,2647.6027397260273,3183.2380478448918,9763.770985327232,10322.571365546604,11749.2,11864.003972950015,13012.206030133964,15459.199374321493,17711.48068071879,18128.47635026612,15202.536401356529,15287.570250084793,13760.108803092318,14346.86171113832,18855.161641234536,17357.17832289652,18468.103779777426,17744.092398618646,10.116415942290804
Kyrgyz Republic,11.1700438399111,13.3440728,14.36992328394148,18.42729336203772,29.5825123937616,53.27542602269388,68.11350261415423,90.49543238304835,100.5594282567148,107.49610646608028,167.8,227.6214844532072,285.90818776769146,389.512595882685,453.9422959655026,362.554962958803,377.87605747342246,476.11925603758385,560.492155277219,573.9200414238262,505.59110850723175,584.5253118868087,1223.9200414771803,10.485949635685232
Lao PDR,0.44,0.46305,0.4862025,0.996715125,0.8,0.84,5.410944,6.0,9.36074582,22.37000792,19.31493266,75.64311906,70.19999999999999,68.70400083999999,54.16530636000001,43.33807187,39.476133669999996,103.05858560507349,123.7850205576504,106.03368086,96.28452779,126.89438018801951,148.0564173795767,0.9674360780160527
Latvia,131.5,142.42640445215324,3.778528249662502,4.5241249613793,8.698274206349202,17.3452437287577,25.148128406002606,41.19056887639539,791.4526989827741,571.3950031726657,314.8199347763333,357.55071780302836,337.5611045378398,376.4245143312453,292.3273307032028,273.0656611308074,233.81055959157953,202.64089790145215,238.6034971153847,239.4249029491316,174.63856717509478,397.96358340548363,619.6599165178587,1.505234572637935
Lebanon,0.0,0.0,2520.6299999999997,4081.07568246125,4232.6970262687455,4011.675054693437,3445.148821734688,2961.9,4365.96,5749.154020494152,4390.475745491368,4377.0270284,4698.4422265,4949.422789,4288.9649546,3674.9474851,4170.8704998,4452.9649853,5007.029016945848,4335.489409467606,2757.7828839486056,1906.7579547505384,1714.845541236169,7.873487333499399
Lesotho,0.0,0.0,0.0,0.0,0.0,0.0,0.0,0.0,0.0,0.0,0.0,0.0,0.0,0.0,0.0,0.0,0.0,0.0,0.0,0.0,0.0,0.0,0.0,0.0
Liberia,0.0,0.0,0.0,0.0,0.17617140530463282,0.19378854668635667,0.2131672915181488,0.2552202574366308,0.4806634,1.0081656055751522,300.5,306.6044942285326,434.5372777915923,394.92269070586656,364.440780575129,339.78807055539954,357.0148045000343,315.5324378245682,339.06501192701785,251.1795237579572,149.9574153856297,131.791748463815,127.2863575646002,3.2029782980523454
Lithuania,38.125,29.425,31.2770598041281,41.935040130383214,280.4,258.89763775859444,426.01293866356195,566.8895059417912,652.0177900139788,679.8644542974965,552.3092275916287,1026.3085751679457,1134.627104389107,851.7478204288096,904.6780788173057,589.0664582704055,583.8433811692586,548.0414110950348,616.9109837467948,602.0610517194192,365.9389039170247,403.2622488557,568.0937352750287,0.8070659685680193
Luxembourg*,2719.5914029853225,3138.7243192025026,4114.3,5119.734071010462,6083.684456010107,6742.474551291345,7626.976008073744,9367.574108351371,11042.647564153582,10758.73869575262,10658.661179023513,11775.377476634416,11454.42209856183,12419.217720367002,12917.475761213158,11232.764645620986,11679.077113534337,12693.980482874766,14044.624457944972,14103.454421483637,14272.287293750293,16558.233487629448,16232.023987882973,19.866379443226904
"Macao SAR, China",0.0,0.0,123.19999999999999,119.73213648042324,145.9446043409748,232.53675489645016,441.4383381344877,792.4596329756154,1017.7056517248817,768.3192495224839,636.5082150599419,773.5835281787273,972.68648959598,1282.686425751464,1629.7151491606057,1949.4401866763576,2026.8793488657707,2041.1390840108293,2165.769640029544,2324.6342667616536,2140.9378685071515,2049.176203880523,2019.9792645368761,9.190496676540679
Madagascar,11.903986429219017,11.415636251247198,4.714538885617407,17.924587399999975,9.00143390000002,23.2,27.21404087603876,38.241872302672746,40.56202878214119,49.53732182938201,58.90922618425975,54.21419865677167,63.11237812220456,55.19566966851895,49.74922896142482,57.97627482886756,47.65692184622458,63.48959322090061,74.2653738404899,63.243733919781405,42.94496323917411,54.091502493577266,99.97540524137617,0.6599472258325709
Malaysia,598.9473684210527,633.9473684210527,3826.315789473684,3463.789473684211,5064.289473684211,5679.210083088799,5596.604811256615,6388.4796800525155,6785.5278678403565,6528.552507832147,8628.3,9421.62563637394,8958.203380438794,8981.934821526858,10192.344889740367,10482.814888608571,10105.146887538314,9393.881493644209,10915.511979301122,11397.960819849792,9089.670217945975,8634.941973630826,9068.219749866521,2.227916022737195
Maldives,46.35224397646469,49.963192,50.617855,55.320628,61.507567,69.91046200000001,83.551366,188.8245,218.69729999999998,190.1529,189.384561876,239.9,259.861750172047,265.584668805559,301.426449714464,348.3651891657445,376.23504142093384,475.2578999630877,532.3731222933509,596.1157192289452,396.7019999108506,496.46612173160764,557.4694434881828,8.936669501253332
Malta,8.403735631130901,8.422550227551909,9.392415877651706,11.5319280362077,376.0,192.22723252999512,222.75200026287936,258.53569375999894,1320.3448479760286,1863.6737791236287,1611.546408522523,1107.8248080991566,1050.3283470685603,1107.7974757774246,1112.989947393551,403.79105223549914,450.71017211522985,477.22566660219934,516.8791819037531,465.4125973747186,494.6626788917824,481.2126340308217,641.5421371804919,3.536615971226526
Marshall Islands,0.0,0.0,0.0,0.0,0.0,3.5,3.616436138763869,3.843304760650845,4.070087618015278,4.432601278217808,7.88181121127916,9.23755715634866,23.1202963330758,23.65844515423077,23.818965820731712,18.452182370000003,19.452182370000003,22.766242000000002,23.766242000000002,16.0479526682637,17.684289656520598,13.5460810876279,0.0,0.0
Mauritania,0.0,0.0,0.0,0.0,0.0,0.0,0.0,0.0,0.0,0.0,0.0,0.0,239.83247201935507,255.10925617697345,188.55644670458824,171.5815030344052,0.0,53.099999999999994,26.581211449944867,10.091814775328675,38.619252226092144,22.38306717993145,22.86017898895986,0.2308409470762381
Mauritius,0.0,6.343698726402961,8.120378641399752,9.11416511956435,9.332633799712907,9.24700609311097,10.07284197664276,9.947909849092111,12.740006746489872,10.257767099454487,8.458860235760113,9.445395355535789,8.18783534215211,8.3,700.7828466481135,599.7390643954519,599.0317315979705,581.452822992229,747.3328512032869,822.7896267046979,1102.3889462984857,1357.5999875364034,723.9642436442581,5.612996151684432
Mexico,0.0,0.0,0.0,0.0,0.0,0.0,0.0,0.0,0.0,0.0,0.0,0.0,0.0,866.997321,1001.831236,810.619117,653.519183,806.22256,999.848929,981.248256,898.705958,1057.147138,1131.084902,0.07716217999882663
Moldova,29.21,39.39,36.28,43.809999999999995,41.830000000000005,46.27,56.86,71.9,92.25,87.0,115.73,79.62,92.99000000000001,93.87,147.05,154.11,141.34,144.06,169.04000000000002,180.74,207.37,293.47,519.17,3.568178694158075
Mongolia,4.59629369565217,6.39386189258312,16.460011801852268,19.0141241399006,49.09495662515904,40.422531016,76.57902,90.3231,172.18489674636587,83.44364891823427,169.0981042711269,312.1990551550749,531.3747503413178,441.38196404820474,336.9402336053864,227.55159829578378,170.93442706639837,183.0977621365397,216.7883873329705,233.42169920412488,145.8429255391069,143.8968902867084,128.9763803556575,0.7522243109509945
Montenegro,0.0,0.0,0.0,0.0,0.0,0.0,0.0,27.0874884909393,27.27106001541597,25.94262867910085,32.7,43.51027064702021,52.60384825257831,64.26324651793672,72.16518395081692,53.6397645480972,59.9219979209869,70.43330838948086,110.7406370145854,123.35054204517695,98.24495167857705,103.80801387762628,123.41026748974107,2.0201386068053866
Morocco,23.198610994538498,26.56822650673827,30.315999606796463,34.14962935497971,33.536406458840545,35.07121505301489,37.88922654368212,48.909774098901046,54.39666931642394,60.10931581371106,62.034092004038726,70.93058740313171,64.15293218499443,63.305944115082376,100.2,78.79923909782403,106.69841301765587,111.63597247416149,138.27834499178553,136.43373653638864,152.3465352267724,175.46233876332536,153.47753812566307,0.11723628526247436
Mozambique,0.0,0.0,0.0,0.0,0.0,24.484791324,26.09800842,45.250476607500005,56.8377364293,65.74704409164028,53.68101321116636,41.4872427024166,96.2017418627877,99.8368373132151,193.8704447972258,190.56693510661052,98.4773909082009,219.1436480853314,209.47973837070958,202.2559739365065,211.0955909925229,221.102203208402,179.3968904191384,0.9364560756858505
Namibia,8.662483857411004,7.84007955338585,8.012240688852796,14.718444713549152,17.134910976893355,18.283122408099935,19.662580342045054,15.549449880805094,42.43170607976575,67.8,81.6363683627298,111.95212071447591,103.50316855135705,83.08422189641888,131.23161348263477,71.43973898425727,49.880620517677215,68.48123435490467,57.92296999584477,95.5565818964555,104.74290787849951,89.57387130025145,78.18506044615447,0.620417873719683
Nepal,16.73255240648957,24.30480074640297,34.08961510139756,26.189754762356774,63.61110450053947,65.78763435107332,79.1665361684092,3.9533994979515925,5.286468443017937,12.297855767631926,32.36088551589643,39.16279085801092,50.325791472008405,27.77218388038817,9.103367603713428,9.494425813388753,20.05432358220394,33.435192626446494,49.42630208603751,60.03516284612639,44.14319896498772,44.025033929746556,39.97348314987028,0.09790703230594269
Netherlands*,1447.2330595482567,1534.123315337216,1641.9732579231163,2470.7431323957157,4194.5,4544.867969052629,6078.723965965166,10084.061727401426,12696.52689192178,11672.00538218016,9395.852984415556,10252.485040685813,9572.511982903166,9685.792160469317,8282.700724517726,10222.554137961788,10507.383740164918,11319.607523069793,12956.820006355316,14137.568176379713,14311.627155999897,15767.971805844149,15386.378051826352,1.5231127172556485
New Zealand,187.2,215.6342488170794,310.92169052867916,381.76986481507606,457.33200067680843,647.3077402088177,552.0218524284048,622.5595497875707,624.2584027244878,524.4539982095673,533.9177984254054,636.2052628332889,668.8850815264418,716.9832787098785,777.1006815658194,728.5352210923583,790.8982261189193,849.2378965123056,872.29886665562,883.1519234611721,883.1593515249235,895.0651602083592,887.9284004766225,0.36687617776609865
Nicaragua,0.0,0.0,0.0,0.0,0.0,0.0,0.0,0.0,1.2,1.2,1.2,1.3,1.5,1.3,1.3,1.6,1.6,1.6,1.6,1.6,1.5,1.5,1.5,0.009571820560270563
Nigeria,1.0521416490763476,0.593358431196269,0.903977979981037,11.562241361498224,20.855603806287284,68.0302696896831,101.56082963039705,54.00629649400617,58.148760580265446,47.035790569587256,47.474692664548975,75.5061577661904,38.702386730158096,50.48263936506076,54.599999999999994,1035.45115,744.77112037037,275.3458450781687,67.67627978561646,90.60008052519227,92.10166490518975,82.5452942181415,82.42427948933295,0.017266112977890165
North Macedonia,14.208225,20.520593,23.265150000000002,16.067712999999998,16.158268,15.545106,17.848734999999998,24.875466000000003,32.975259,26.302032999999998,22.611970000000003,24.692249999999998,23.859882,24.438824,23.991042,19.890647,24.250400999999997,27.449617999999997,24.903445,21.972421,27.313816,26.035886,22.4188377,0.1649292849260649
Norway,1059.510253661122,1022.4405632536666,922.8704288477976,1430.0774233135658,1749.216384600086,2174.0084908083213,2596.8825721789135,3577.067724438197,4750.013567774916,4174.095053595803,4118.496971950486,4427.035713505538,5099.6,5799.1870109211595,5941.154711737828,4578.256592998536,4162.4856264977525,4025.1985960966203,4410.935943394987,4619.086160047781,3870.82855762766,3990.2228113193464,4506.147603377876,0.7776970158844291
Oman,1451.2,1531.85955786736,1602.080624187256,1672.301690507152,1825.747724317295,2257.4772431729516,2788.036410923277,3669.7009102730817,5180.754226267881,5315.994798439531,5703.511053315994,7214.564369310793,8086.605981794539,9104.418725617685,10300.832249674902,10990.897269180754,10312.093628088427,9815.3,9957.667100130038,9133.596879063718,8772.236671001301,8117.672049781066,9071.52145643693,7.911187574835768
Pakistan,2.0,3.0,2.0,5.0,10.0,3.0,3.0,2.0,0.0,8.0,9.0,28.0,34.0,16.0,16.0,30.0,64.0,120.0,130.0,124.0,187.0,231.0,208.0,0.055517298442846544
Palau,0.0,0.0,0.0,0.0,0.0,11.7,11.2084206,10.74563556,9.72527514,9.28446474,8.994424380000002,9.35748906,9.69057102,9.83779452,9.52727823144,16.78528338,18.356,19.688,19.998,19.715,18.131,14.914,15.097,6.136991869918699
Panama,22.0,42.1,44.7,56.6,72.3,87.6,236.3,295.9,387.6,449.8,485.8,463.6,563.6,644.2,814.5,828.9,838.7900999999999,838.4081,797.1388000000001,823.6515248899999,512.22556823,553.70337176,563.38243454,0.7362262777726957
Paraguay,0.0,0.0,0.0,0.0,0.0,0.0,0.0,0.0,70.0,85.0,90.0,90.0,100.3290740008026,42.07134670233158,50.94484470953843,115.0625110666679,74.5101550122115,96.60372724356401,98.5424051102792,89.9525342550834,72.8489475919974,65.0391004626415,64.76043482880979,0.15521891287284836
Peru,0.0,0.0,0.0,0.0,0.0,0.0,0.0,0.0,0.0,0.0,0.0,0.0,0.0,0.0,0.0,0.0,0.0,122.62749345756,284.2,325.545723269984,164.98324351152,173.39552560022722,187.00320204255522,0.07645453365272868
Philippines,0.0,0.0,0.0,0.0,0.0,195.4,63.2863349808685,65.935652547979,116.94306476688561,93.79017769245951,109.14210911310711,134.7668363209945,152.3575069916288,210.26202332579558,182.981951679176,153.32215493797332,196.07288362012312,246.2115901379855,258.5235559193442,225.7231576281418,211.19446241595426,255.92348292973878,297.6567304646903,0.07362565188448969
Poland,311.0,345.0,353.0,325.0,551.0,622.0,693.0,1018.0,1474.0,1155.0,1326.0,1416.0,1538.0,1579.0,2183.0,2574.0,3732.0,6345.0,7501.0,8008.0,7915.0,9419.0,10940.0,1.5839462558637865
Portugal,203.1640715136517,250.5122277680851,256.3830142461466,258.92184402426955,378.43880339105397,435.78910467798084,445.0203219729002,345.525100186101,387.8243702162765,518.1076896334793,505.7168277056266,670.8995486133616,559.6791045285325,559.0990961021504,457.2210002327429,343.8389689117361,282.9169227636707,300.87961353066163,261.7289849633699,259.42559588744297,255.50691830607718,321.53089624819637,257.8373963609316,0.10226367205843478
Qatar,0.0,0.0,0.0,0.0,0.0,0.0,0.0,0.0,0.0,0.0,0.0,10444.681380807237,10412.91208791209,11281.043956043955,11230.21978021978,12192.032967032968,11981.868131868132,12759.340659340658,11557.967032967032,11963.736263736266,10112.08791208791,10966.208791208794,12285.714285714286,5.196672920802101
Romania,6.0,5.0,6.0,8.0,6.0,22.3,40.736418735504955,55.02047631111376,168.49682284998445,64.40717189482324,88.24141655076761,127.76572643552223,116.34622762482303,484.52090021339035,592.7688067697502,514.2896602430352,302.50760991767686,389.1224762508467,435.2564859320131,485.74240426632934,536.805624619408,642.1676743391895,967.4420428485544,0.32111806993940856
Russian Federation,232.2,914.69,1295.51,2264.13,4189.73,6827.24,12104.439999999999,19880.62,29718.809999999998,21147.739999999998,21453.98,26010.47,31647.7,37216.68,32640.36,19688.84,16244.42,20610.14,22308.420000000002,22217.24,16872.18,16819.55,5803.58,0.25859786503191046
Rwanda,0.0,0.0,0.0,0.0,0.0,0.0,0.0,0.0,0.0,0.0,63.6,93.8161807646553,92.7303128316146,82.8726174081871,99.0702419850096,101.9237395427701,102.4637307896538,94.28674780826759,87.2505411734774,72.4082267524806,55.651082750653686,73.39371674714079,91.74292628518458,0.6893299743420586
Samoa,0.0,0.0,0.0,0.0,10.8571547249009,15.6,20.918751404458575,10.205979013788866,8.592645198227533,8.453372806177432,8.947643194515914,12.40522000862019,11.039604574121398,18.219957632918252,12.467914792747317,15.747451094914659,17.712737945910234,18.9666889975957,17.3125611108664,19.77316606396566,21.124520653939676,25.87330437697974,27.028757514426694,3.244748801251704
Sao Tome and Principe,0.6390867,0.654149933500036,0.4736025,0.5537406,0.6135675,0.4762065,0.670648480778376,0.692759574669271,0.48807938895247105,0.54684,0.6218613295125,0.600930421324144,1.31351965665752,1.07354310175429,1.441589814663352,0.449656200506205,0.57561270524661,0.0,0.0,0.1036053277481428,2.373286696034322,6.446503568442408,4.381547197816186,0.7995524083606178
Saudi Arabia,15390.133333333333,15119.733333333334,15853.6,14783.28,13555.066666666666,14303.4,15942.858666666667,16435.845333333335,21696.160000000003,26469.733333333334,27069.005333333334,28474.925333333336,29492.573333333334,34984.18666666667,36924.24,38787.367999999995,37843.20533333333,36118.96165333333,33881.51179548,31197.048533333334,34595.84746135146,40735.15549549221,39349.38060164539,3.550910626788039
Serbia,0.0,0.0,0.0,0.0,0.0,0.0,0.0,129.1,180.0411051473006,152.9609657676217,154.7653310931425,204.11702593697143,217.79608142484489,255.15249995771856,267.1593100684662,244.9533201029921,238.67776275464885,273.49958751937186,297.11980273285104,331.77072098269423,390.45067038661125,470.7941230451205,655.2207062701668,1.0318111339330522
Seychelles,10.104413446937098,5.60792391233524,4.89434890310887,7.314537754177761,7.92596594799098,9.957671782516526,17.328411481760362,52.199999999999996,50.52157848522018,62.099674018159604,41.22061599313778,50.219370743301454,56.9584580677787,61.15939037586338,57.6619674741376,74.21358427652193,62.94564282053885,67.96350103784957,74.88823341986375,73.36299751798998,44.85821659531814,48.90526723899215,61.47400278917863,3.1094589170044826
Slovak Republic,6.709550418165502,10.10714164769428,11.334953118733448,15.577226624451018,29.1,49.93361184967324,58.975399663605494,81.8557144677211,152.6946321645028,138.1949453682033,69.92407987012919,69.7384799262713,154.175472301488,175.2966353710638,225.50766090196322,239.98653406150146,242.2560620830758,271.3354960222782,364.2986378127196,511.26995502223417,410.5888840033483,441.0066413383125,366.55401463882686,0.3171980050526366
Slovenia,27.1,26.6,45.2,65.2,78.7,90.5,139.8362540330677,247.8208550926747,380.1,246.6153912997064,212.1183727064929,219.45058059399884,198.96128182707383,211.200410007268,227.66017424527905,200.9877331174066,214.51291183661243,251.93730090959852,339.01784338177646,364.6947189987782,345.67089873441387,418.06274710735886,410.98492041954944,0.683710003858777
Solomon Islands,6.46501221523775,2.255440116942626,1.387110848798546,1.577012884250606,1.8107047042753102,2.1111199282601856,11.200000000000001,12.106463842675295,13.943460893490428,39.10483141083106,61.70812412057228,66.85411030834675,46.60280265281482,44.82676854605504,45.89132279490739,55.64303576219191,69.18721872976084,54.70434720351172,62.63213973247346,83.34535845328686,65.71268387484473,55.07269220298379,58.922713908781816,3.7035018170195984
South Africa,614.2774818711355,520.7600012429342,505.5,705.7515281722361,934.598613506281,1041.844333333764,1055.1266550932016,1172.7169217114263,1118.9330089957514,1143.8550533451294,1352.7991854840536,1422.6978646830864,1319.9443694493175,1181.9804186965036,1093.5858758394356,980.0978385222072,896.798664324972,1033.4897644907048,1097.8436910359487,1052.0381125950246,920.7818301498792,1066.4504554384011,1011.8878430960426,0.24978347471921983
Spain,621.6282244657255,573.8499045349504,533.0097509216548,539.2176639088844,704.8756264790777,732.6868959319474,794.2331959167351,897.2820757730997,748.8808788260666,557.2862475676596,470.6657473304464,496.9489757575724,407.46097177729297,353.45493767688384,402.8010052567737,368.0305785501616,304.12756535777964,362.58768476072197,439.83063186813223,448.9853469155793,352.8067893228352,265.49870721500787,405.1331382711058,0.028552298957169122
Sri Lanka,14.033983322100001,188.26999999999998,203.68,223.69,229.54999999999998,249.35,274.2,304.55,372.90000000000003,420.3,526.14,580.9699999999999,680.0999999999999,854.4000059096585,887.0600010692859,896.2800002159063,895.0800010229989,944.429997978739,962.2800000000001,1090.54,1042.2000010755319,343.6,364.9300023319412,0.4875744893941442
St. Kitts and Nevis,7.292592592592591,8.033333333333331,7.761377777777778,7.321751851851851,7.6711222222222215,7.50698148148148,5.364776666666666,5.643773333333334,6.165896666666666,5.735364814814814,5.634597037037036,6.439676666666665,6.48053,6.7418970370370355,16.0,20.640021680740738,24.507970445185183,27.522306785185183,24.186570032560905,25.29785207042523,22.009006875891274,20.09949877974472,25.78704443880312,2.6694662980127455
St. Lucia,2.5925925925925926,2.7777777777777777,2.7777777777777777,2.7777777777777777,2.7777777777777777,2.9925,3.1181481481481477,3.242911111111111,3.3434407407407405,3.2354477777777775,3.3312703703703703,3.359586296296296,3.2890348148148143,3.328503333333333,17.4,18.735427639694777,21.837280014814812,20.92239808148148,15.898611907407407,17.119542455555553,19.63485867037037,14.417590545925925,15.30841881082922,0.6664527127047984
St. Vincent and the Grenadines,4.45925925925926,4.545555555555555,3.801851851851852,3.6531999999999996,3.939251851851852,4.716666666666666,5.090422222222221,5.6058377777777775,5.2656281481481475,5.286984814814815,5.615745185185185,5.741076666666666,6.164354074074073,6.444994814814814,11.5,10.052444715580554,12.403062647656963,12.273181145092703,10.81523501447963,10.42852395925926,9.821315312837037,8.431073597633281,12.556356338937553,1.3259088003101958
Sudan,4.4,1.9,3.59,0.65,2.14,1.73801797112797,2.442585,2.041564,2.102552757209305,0.07877851880942971,0.8,1.7062349010413065,8.021746359038971,64.3676743370257,35.611551234338,89.39026194265429,112.04259103696583,124.69965793311455,208.72483598247402,138.8164581938231,199.51774622558142,175.69616697973694,247.28184860066727,0.7326435429031384
Suriname,0.0,0.0,0.0,0.0,0.0,9.5,4.1,6.4,8.2,4.6,1.2,2.59359858872948,12.352687239999998,18.795263397116614,22.7322150671309,32.22102418996837,40.34766160664985,79.8,82.47441672996337,71.68637949653792,77.35672108432534,105.34591152060341,107.38091633888041,3.0592853657800685
Sweden,538.812671448013,578.1074762927549,507.65230304878594,567.7173147250318,660.148512929357,728.9753902511421,930.169752526702,1055.6520898489603,1205.7584889788172,1071.467575334179,1160.0320621926694,1389.9,1386.6459127177218,1623.5421240359412,1590.8314709711365,2275.8871170831994,2674.566146793195,3337.5104652697064,3439.935426155661,3144.6965181574346,2937.970538690806,3572.5900095804323,3665.9001041973233,0.6200893629951375
Switzerland*,6196.274230831986,6921.231211578382,7948.181043724331,9374.390165680947,10615.1659090073,10858.557517226754,11663.457222878165,13402.757251124356,15837.911699929316,16395.814781233865,18511.53621765046,23679.61273424051,23737.303790492442,25338.86486730119,26816.169395498026,26031.03307659395,26050.156142642263,26961.75860992346,27741.467905530066,28436.482089517922,29617.313435458927,32198.34117597585,33550.462141562406,4.099163213059767
Tajikistan,0.0,0.0,13.370899999999999,64.44059999999999,118.9721,68.2895139236,101.469459414,157.51777704,170.624379305,106.075258662,183.6,201.17800988000002,263.4659231098,240.39323704499998,303.61259402,165.13826425000002,87.12737,215.55229684999998,252.02514401,190.46476739,108.39495966999999,166.74928878,223.77274249,2.132590703230725
Thailand,0.0,0.0,0.0,0.0,0.0,0.0,0.0,0.0,0.0,3265.4,3026.909999999997,2921.35,2893.154437,3288.960339229591,3620.432108441065,3992.3808152122792,4155.202827766987,4396.7688578478665,4923.627285386763,8912.892000244643,7878.509446599466,7583.522641967686,6502.74525138835,1.312561614170559
Timor-Leste,0.0,0.0,0.0,0.0,0.0,0.0,0.524060412118421,3.32300837081739,15.584032863022,85.5706780589496,103.37456606987239,104.75231055399999,107.02335042000001,7.770793379999999,27.6157799,158.8,237.3804,265.60124590000004,285.6785093099999,293.38366429,291.99894955238034,319.03037701,363.540257657,7.4131373910481235
Tonga,0.0,5.629488893894027,15.253015847083812,12.714937119339321,9.662539518390469,11.020859515343098,14.110858226099424,9.222498172266787,13.33418650995605,8.834718687846863,8.11533262583602,6.199999999999999,4.555313270134249,6.827657799691348,5.694681883899724,14.22151136707182,25.551135857749497,27.13448067646918,20.92497915869587,28.88006292027863,29.09164426742296,31.13054945048708,27.699985375789026,5.562246059395387
Trinidad and Tobago,0.0,0.0,0.0,0.0,0.0,0.0,0.0,0.0,0.0,0.0,0.0,200.8,223.359863777552,215.9385886850101,253.0052947020572,289.5801062601405,372.0272896500985,378.96997647479105,358.5720564582862,251.7727383169738,265.79807642637513,195.91282636867453,170.71396190232127,0.5680429970462891
Tunisia,21.157330285380826,20.921483618165546,12.941948794898277,17.15228147333704,12.92688149020444,15.646275980782612,16.453485096072576,15.218225450856227,15.744942748736912,12.88626390920368,13.343579712169904,19.03702037482098,18.439178987018906,19.573346190737578,28.450675188124933,26.457656279870008,27.42043109200668,29.26315136861031,28.900000000000002,29.54573852986951,24.250110375930074,31.598158265142978,41.91906173475963,0.09041880402657326
"Trkiye, Rep. of",0.0,0.0,0.0,0.0,0.0,108.0,124.0,124.0,126.0,157.0,190.0,268.0,404.0,689.0,815.0,850.0,1108.0,631.0,627.0,678.0,521.0,631.0,731.0,0.08069848902842773
Tuvalu,0.0,0.4,0.43464973343746816,0.3022217514269324,0.4986201532999572,0.7048635329216345,1.2236690512335588,1.3580766020471562,1.3680839136203096,1.3835295246064925,1.9117429381893163,2.3902334233031786,2.6628438111349633,1.3753712289710989,1.302753873861326,1.1167801545287044,1.1167752861124405,1.1018896118452908,1.1901956198238868,1.2346516650507546,1.354769844503384,2.419015411451574,1.7996031835744866,3.050174887414384
Uganda,353.0,354.7,357.6480547333895,181.8061841283146,194.09335061108953,197.0114808096393,206.0687619583948,235.71381742631456,381.0438921190685,482.6156264224834,331.0999382568165,395.37139319833057,325.3740462804566,367.6187550165841,301.7720212537023,278.22228250354465,349.353415866986,344.72454418267034,399.98549500553776,379.2602541237991,198.7385851153521,215.4294958589496,250.94670803465803,0.5201614875106915
Ukraine,5.0,0.0,4.0,4.0,6.0,186.0,255.0,353.0,714.0,613.0,703.0,849.0,1003.0,1716.0,1702.0,627.0,559.0,584.0,565.0,575.0,843.0,1083.0,2036.0,1.2685279219444117
United Arab Emirates*,13499.999824999999,14360.209499999999,15200.000074999998,16119.99805,17070.000350000002,19729.992099999996,22300.888999999996,31886.885225,36699.990275,35023.82455,38719.167499999996,41227.485,52876.655,26462.125299999996,28275.385449999998,39700.09225,39154.726,41254.29424999999,45251.076,52879.50987066032,42069.43498978898,40245.064669843436,39673.247106875424,7.8241103897881565
United Kingdom,5366.131133380724,5462.692455383317,5996.404558710855,6990.70230316724,8930.41914536721,9643.11767923323,10645.651381120533,11596.568483364208,11211.837187942603,9274.761989826718,9565.109384901854,9931.10101046054,10077.435197265324,10528.125661636626,11572.710615644362,10707.262597494673,10190.899107285286,9803.750898253042,10410.04112353596,10360.300796885422,9382.380085412888,10273.64844725636,10917.818776958735,0.3542594345110076
United States,35315.0,39007.0,40562.0,41391.0,44927.0,47751.0,50974.0,53039.0,55679.0,50555.0,50527.0,50854.0,52371.0,55003.0,57239.0,60719.0,62870.0,64114.0,66836.0,71583.0,66126.0,73720.0,81636.0,0.3206098326082538
Uruguay,0.0,0.0,0.0,1.421609,1.77,2.176,2.843,3.536,4.678,5.629,6.651,7.211,10.0,100.4921282825481,93.96589317602849,87.38474516958739,85.2589587457025,101.0502225583396,109.27429984154179,116.79972285005941,106.3865812919763,117.7476747597776,127.10844254940251,0.1785807810801277
Uzbekistan,0.0,0.0,0.0,0.0,0.0,148.29659999999998,189.5616,327.699,473.92904999999996,385.68358725,260.82518999999996,341.06613,402.30449999999996,676.7786,607.0715,335.51624000000004,159.3,174.31176,244.06439129000003,274.72197695949,341.07759527974804,447.7309393723823,625.4587015499358,0.7777595831156405
Vanuatu,17.19427188336031,16.10988378617935,2.1481639312906036,2.7197718258622943,2.9798216957673413,3.0010214553394845,3.138417382986581,2.6250592775314923,2.549130441989248,2.694966432739152,3.1,3.534769460196455,2.3822412318184947,2.444150977601301,3.714947693990336,3.3310069508148037,4.552015081310053,4.852129674798564,10.17132437488978,14.332159180725437,11.451941663663304,9.703252681830783,19.105464925945142,1.7805652307497803
West Bank and Gaza,5.6,4.900868598884747,5.09533292978764,17.883733242096497,10.760551217087592,6.475643400446634,6.788488227115454,7.929238585670468,8.299895332137792,7.912044442334353,18.127451452548137,47.91510823816851,48.10983051123654,52.642110857641185,36.12891412048029,30.39835032546959,30.393003577098057,27.462197689123087,22.347334947911353,29.07990396654022,21.881177120882718,32.24785375042251,9.330391398382908,0.05152350432593134
Zambia,24.1,28.4,37.5,71.5,76.1,93.7,115.457,123.93,138.885,65.617,68.063986,70.41382515999999,96.922,77.324470741963,81.1998811354425,72.10469887073704,63.405836437863385,121.37062067367592,132.001364063928,103.80672385358952,88.51088608242273,122.33195170698394,131.25412296716343,0.44130900062929
