Remittance inflows (US$ million),2000,2001,2002,2003,2004,2005,2006,2007,2008,2009,2010,2011,2012,2013,2014,2015,2016,2017,2018,2019,2020,2021,2022,2023e,% of GDP in 2023
Afghanistan,0.0,0.0,0.0,0.0,0.0,0.0,0.0,0.0,89.5,140.69516629999998,378.2066570180999,179.1165613764,219.4160874814624,347.1652918141468,253.3678216033428,348.6247173026476,627.7108023773859,822.7316302455583,803.5464537865573,828.5719041111796,788.9171152452299,320.0,370.0,300.0,2.007897731075564
Albania,597.8,699.3,733.5699999999999,888.748582309638,1160.6721050195456,1289.7043159261334,1359.46732466364,1468.02,1865.6000000000001,1717.6980121651357,1586.5742713564164,1552.0785143403584,1419.7725154302648,1281.8481137530773,1421.0074543659491,1290.8635080940198,1306.0091669250385,1311.8224321379964,1458.2100558531142,1472.8122416103738,1465.9872124909666,1718.3559183217922,1745.2451357665093,1970.0,8.553317124001389
Algeria,0.0,0.0,0.0,0.0,0.0,169.99999999999272,189.00000000000816,99.00456334764347,103.63188721222971,150.3369614945351,196.60000000000002,202.86981618834116,214.8412686354578,209.6014434446368,2452.4426170725615,1997.3934583539626,1989.0235971229508,1791.8870732862547,1984.9983991317279,1785.838683222985,1699.6089346251986,1792.158957014779,1658.975809673424,1770.0,0.7901785714285714
Andorra,0.0,0.0,0.0,0.0,0.0,0.0,0.0,0.0,0.0,0.0,0.0,0.0,0.0,0.0,0.0,0.0,0.0,0.0,0.0,21.1,47.416323738830535,53.001417773052474,0.0,0.0,0.0
Angola,0.0,0.0,0.0,0.0,0.0,0.0,0.0,0.0,82.084,0.2,17.972037,0.20475110000000002,40.348853989480084,36.63741134016822,30.97111927077802,11.1147116,3.9880483800000004,1.41819584,1.5792471499999998,3.445473467593008,8.05305089441933,12.6311493197743,14.00549147631333,14.688757854450236,0.015659656561247584
Antigua and Barbuda,17.342962962962964,23.676666666666666,14.242166666666666,16.372237037037035,17.601625925925923,18.30548888888889,19.32572037037037,20.783287037037034,21.82840259259259,20.658718888888888,20.197666666666667,20.29261,20.85622,21.127350740740738,32.1,31.24441226323777,26.705675645720802,24.02004434905414,32.76826532349858,36.87528210868377,36.22049098345022,45.26585039935317,47.1833982831926,49.448219299316406,2.537107198528292
Argentina,86.34365858988221,189.6,206.63,273.42,311.78,432.09,540.7,606.4989265171863,705.1444033583634,628.542376088907,644.3007400571922,697.3795751299164,577.5329621007733,535.0044093672885,505.34689173035713,494.4335321399667,391.5790476635139,479.93745980843084,522.4415030085651,561.3984447197575,648.0900500218147,901.1231830179325,1267.4490712534644,1600.0,0.2572347266881029
Armenia,182.16,209.24,263.89,335.86,787.519510008093,915.2311617809423,1169.1730625998412,1644.375090622168,1904.0671226007948,1439.8092316840598,1669.3368191136528,1798.6246922617302,1914.9839966162663,2192.19382694676,2078.618314800884,1491.475903470468,1382.3308865982758,1538.65575177642,1487.814907952822,1527.9374568727762,1327.006085340228,1556.8225439487724,2034.814437276094,1850.0,7.538712306438468
Aruba,1.0837988826815643,1.335195530726257,1.3296089385474863,0.2737430167597765,1.458100558659218,0.8198460962732412,1.0361660024632287,5.195530726256983,6.759776536312849,9.050279329608937,4.972067039106145,5.307262569832401,4.860335195530727,58.14674230528027,58.6279950761846,53.640100518224415,52.7,56.14048504732259,36.92029544809796,34.264018270971974,34.984040417256566,35.84563716051119,38.279493453956476,34.44985784127358,0.9001791962705403
Australia,518.3340528708127,486.7446858239225,465.7225339779335,651.572145062106,824.729101175224,940.4077666410773,1014.8414908741735,1341.851616348352,1526.0251473274984,1334.64895260383,1864.472761351687,2449.2875690519068,2405.3168666411775,2442.4500251786517,2329.6566769602314,2174.651380404773,2056.844753410693,2001.9284532472907,1867.930551388161,1762.6455948096495,1196.628175967295,936.4230631670166,1297.8394809535432,1656.2392578125,0.0980023229474852
Austria,0.0,0.0,0.0,0.0,0.0,2313.507128007756,2517.2000000000003,2915.6221516159785,3189.8087426273923,3101.681748755873,2983.4884455988363,3250.804925703443,3028.1886989857144,3261.5056839693007,3239.901778634926,2863.606817405199,2887.576591281874,2956.9342458241636,3022.591419432235,2996.0586798971513,3031.3369285060635,3223.7018928571424,2935.48788116884,3000.0,0.5703422053231939
Azerbaijan,57.132,104.125,163.317,155.95700000000002,203.578,623.235,790.2139999999999,1267.7350000000001,1518.327,1254.645,1410.296,1893.0800000000002,1990.18,1733.2,1846.424,1269.9640000000002,643.1479999999999,1133.371,1225.79,1275.168754822157,1403.087,1526.636,3950.029,2800.0,3.61794500723589
"Bahamas, The",0.0,0.0,0.0,0.0,0.0,0.0,0.0,0.0,0.0,0.0,0.0,0.0,0.0,0.0,0.0,0.0,0.0,0.0,0.0,0.0,50.805711,53.0406,57.888,55.0,0.3963678293456328
Bahrain,0.0,0.0,0.0,0.0,0.0,0.0,0.0,0.0,0.0,0.0,0.0,0.0,0.0,0.0,0.0,0.0,0.0,0.0,0.0,0.0,0.0,0.0,0.0,0.0,0.0
Bangladesh ,1967.528858467927,2104.551469141763,2858.05777042652,3191.6647320559346,3583.817227523728,4314.5,5427.5154287338,6562.316321908495,8940.611606376919,10520.653005638856,10850.211617305626,12071.07318415758,14119.627033985384,13866.954019396753,14987.531478742734,15295.536094835123,13574.285886247324,13501.93303270963,15566.241930307808,18363.8595312812,21751.64647919351,22205.50337711999,21503.993718213896,23000.0,5.15695067264574
Barbados,113.2,129.95,125.061,130.5,129.108571515,94.4554238,87.34842295,138.674184035,101.160650815,114.47608954,81.86879619,147.2932661916,152.31984244233348,190.9816329798335,188.71696099383348,198.0382948344835,157.5090399835,85.1758925,85.1758925,85.1758925,85.1758925,85.1758925,85.1758925,85.1758925,1.3693873392282958
Belarus,114.19999999999999,67.19999999999999,80.6,164.10000000000002,239.39999999999998,198.6,268.2,288.29999999999995,583.3,503.79999999999995,575.3,890.6,1053.1,1213.5,1231.3,931.5,976.5999999999999,1253.8,1445.8,1418.8,1013.6999999999999,1149.96067408,1465.139529,1550.0,2.2508131970260226
Belgium,0.0,0.0,4534.638939109968,5778.136096270974,6562.530149386719,6884.305723770453,7268.884910039385,8991.846090584593,10479.0,11090.651436729006,10993.669270274135,11728.548904613026,11171.452382413087,11695.085497992883,12161.003266042055,10464.912315381158,10786.36068227289,11435.497317078998,12448.56909107144,12330.095211525831,12850.49977262427,13708.875824170267,13437.737945630453,13185.2734375,2.0995658339968153
Belize,24.868381,28.397885212474147,26.836163721113202,32.15107973139145,33.650128540845145,44.69332284460195,63.81195078706254,73.1192631866794,76.4890033131695,78.5784016029387,78.1345695922123,75.4,75.94564668826251,74.40171037020467,80.33441762386191,84.74407453778171,96.67100668130635,90.21451629712242,92.51273878403455,96.81675011848655,120.68361941789641,135.359896997178,142.41685272081,151.02796936035156,4.693224653833174
Benin,85.87625311522767,83.06416112425872,76.10781801963552,55.40117708756022,63.11701027017162,146.93934793307628,195.67378614039177,240.7937333936339,207.86320938934466,126.45722233888812,139.56912048605167,172.10000000000002,207.76355518599638,248.80053368245632,304.659173440494,214.44957945289048,221.726214973562,195.77683387076587,198.7423960147997,216.99314518350224,204.62391654563245,230.91433308778034,230.70559091425332,233.24964904785156,1.1697575177926358
Bhutan,0.0,0.0,0.0,0.0,0.0,0.0,2.2,2.9330393767019642,3.5489308048492245,4.8667011684504615,8.273480864605165,10.46053400472438,18.144730430834205,11.804283706037378,14.292342890486355,19.65650791921583,34.343456661168055,43.153828425576755,58.14851579928046,56.658762938509085,83.43518258666549,73.36726839470805,88.0846800334456,75.0,2.7922561429635144
Bolivia,126.86999999999999,135.28,112.9,158.1664132967934,210.55866851646522,337.040056699114,602.9740707159999,1055.3665817028,1134.7184469387971,1057.93,960.2127467855058,1042.996646641821,1110.5321469818832,1201.3394785981843,1177.0,1190.9581939626623,1246.634759355898,1407.9969888642627,1388.281653939412,1335.6201969298725,1126.51792043532,1417.1003831991786,1458.776647502851,1473.3644139778794,3.148483660949396
Bosnia and Herzegovina,1580.9525108178677,1500.0168567762603,1495.729518771711,1738.0963260741369,2053.201662459076,2037.7319482359644,2148.9408340253885,2686.5,2717.6638742299274,2127.0330594989455,1822.3048470247143,1958.2301996297401,1845.7153767000977,1957.987470182707,2107.1397245689286,1801.1119579124793,1845.9950971247627,2016.8726949404406,2262.8769544990664,2332.5705514135925,1931.0397490550647,2477.9484998138405,2581.2621390297663,2850.0,10.577101503061792
Botswana,18.54087010774675,17.907699661798688,19.073397096143328,27.309313758502235,78.65639313993543,117.74450578980799,103.85900663773732,92.19151815089243,46.82319633501298,15.209029185977924,22.299999999999997,20.409878288814536,18.103143924275216,36.00433594328257,46.123119083999924,30.04561957219667,24.622501683518053,38.95656146823339,44.309897402630675,59.360104140776755,44.222901887861134,60.58360967402577,68.48058539209407,60.15503663159048,0.2898199876257009
Brazil,1349.5910000000001,1448.914,2003.7910000000002,2286.6800000000003,2812.5139999999997,2805.358,3287.162,3305.694,3642.585,2889.1595,3082.8,3214.6022429399995,2784.07205549,2717.6750686600003,2647.90851304,2896.9099517100003,2739.78652659,2698.77065124,2933.48927649,3213.6216767100004,3566.2194384800005,4102.0181477,4973.75873457,4400.0,0.20657276995305163
Brunei Darussalam,0.0,0.0,0.0,0.0,0.0,0.0,0.0,0.0,0.0,0.0,0.0,0.0,0.0,0.0,0.0,0.0,0.0,0.0,0.0,0.0,0.8699960453712344,0.8929854012251924,0.8702233101978405,2.0,0.013198706526760376
Bulgaria,58.235451353603196,826.2003095594503,1176.951496861564,1718.485429279404,1722.7695846343358,1612.9124270058353,1716.4359805661818,1693.553171138854,1918.650334468944,1591.794627636778,1332.9,1483.19,1448.8799999999999,1666.96,1684.74,1494.74,1665.5700000000002,2193.59,2408.23,2342.37,2059.5,1977.52,2033.32,2500.0,2.4271844660194173
Burkina Faso,0.0,0.0,0.0,0.0,0.0,56.66481959595562,67.99628178102412,84.43617413468087,99.74214320045947,96.37387586238506,120.46218913739811,221.1,209.98074438675567,308.46952020676247,396.3080407321039,384.9856164495157,397.37389254227145,416.8392431015345,455.6500922336393,467.25184173270054,524.6081048418857,570.9509685801047,570.9509685801047,578.9437255859375,2.785391992234484
Burundi,0.0,0.0,0.0,0.0,0.04178399491325279,0.1,0.011470971773182417,0.18994894054626585,3.6452166774784707,28.232147756254943,34.49892951307412,45.46317687049668,46.433649088890036,48.639473899970575,56.26259143200722,51.041087262853196,31.276058244760087,33.725358649667015,48.32863177946598,48.32863177946598,48.32863177946598,48.32863177946598,48.32863177946598,48.32863177946598,1.5150041310177422
Cabo Verde,89.76116615329518,80.95417113373395,85.02168168575378,108.44493556372316,113.42783259142014,136.69259859698695,136.57320835625092,138.79367626728478,155.0359907974355,135.6202810241666,130.90987453616486,176.87501961297428,177.0,175.91833541655896,196.9818645699108,200.90351781206007,211.37382922032012,216.55220196985698,234.50746696977905,215.0243895884148,234.13837578411122,314.50817396903335,313.3607999465522,316.7162170410156,12.190770478868963
Cambodia,102.6,112.8,123.0,128.2,147.4,163.7,183.7,185.8,187.918,142.2135,557.4,610.6497301538907,855.043136864211,1003.3264307854494,1103.123111716727,1185.4706329218793,1199.209465586629,1287.3157069299316,1431.3048271916703,2658.6035398148715,2587.757355279726,2538.8091477871476,2616.016585910477,2800.0,9.048896357819217
Cameroon,22.155059516186007,16.846311933448593,29.59551471101627,75.58405680346013,103.57493041541147,77.01916721799918,130.05870455461152,167.5602802395557,162.67038847558808,185.11209317252795,114.97101794274154,219.54228480170724,210.40772958619522,244.12855199110894,283.33756591588985,241.70699004708,269.0,316.8006714047309,333.5544983905577,355.550645811703,334.09728850464177,430.09711209777487,297.2515655544202,375.3211001992528,0.7618876622939644
Canada,554.5596083009927,611.1887193297283,635.3180603902763,672.2914768548561,827.6627927579145,933.6568533360427,1085.6919972125488,1177.4796216760135,1299.4121968769691,1196.4447244102362,1199.157750278882,1227.3449780462095,1254.6004899847612,1336.5386057077756,1351.3046892919126,1274.2553681274783,1289.324860091083,1268.1854803164379,1295.5672167540904,1311.782569260684,821.8324436654854,831.5026966624488,861.8342265782214,871.3892074099324,0.041103264500468514
Chile,13.3,11.9,12.4,0.0,0.0,0.0,0.0,0.0,0.0,51.938053677696495,62.3249231059028,70.91738189502111,72.03004074438259,71.1081449065198,60.612706416405004,58.992215838122895,64.5511126635094,66.541753587694,69.8568497873431,69.37277136180181,66.19747759113059,66.48497295806649,69.39267043421721,73.26007843017578,0.021296534427376678
China,758.082,1209.0,2353.0704215742,4625.33181,6641.2201787533995,23625.899319,27565.193759,38395.039993,47742.805394,41600.374919,52459.645879,61576.221918,57986.598422,59491.287194,62332.342308,63937.646592,60999.999488,63875.674112,67413.592064,68398.47511360464,59506.67334883603,53000.0,51000.0,49500.0,0.2796610169491526
Colombia,1610.1,2056.358872867054,2479.9425961402676,3076.0186465959832,3189.709843917939,3345.610321407965,3899.1599143425797,4460.194476645406,4826.851232375117,4124.862554305642,4030.8463256811388,4101.315891061109,4018.6746682006055,4449.831680492054,4165.731073418325,5001.596492340817,5191.956875238799,5818.773635080763,6675.079294041264,7115.322398740713,6924.52613555919,8608.268970885418,9448.990236930431,10160.0,2.791208791208791
Comoros,0.0,0.0,0.0,32.04244836190696,48.70500215656435,54.05572552724432,63.19751257726756,74.04548676488031,101.32544007369953,100.40753258456985,87.25208692093463,108.17389104457644,110.20351103063025,0.0,159.8174502680401,131.86600326206482,116.74552966713374,131.5983323444507,172.62020964537044,168.54682018313792,226.65575783916125,287.9907180657278,281.8391508376673,280.9191589355469,20.595246256271764
"Congo, Dem. Rep.",0.0,0.0,0.0,0.0,0.0,8.9,12.8,8.8,14.7,19.5,15.7,1127.5,855.8531745924402,1001.3582412865909,756.4103876421351,1166.56821832676,593.4802747848264,1076.294914623098,1822.7061757601814,2076.317927827424,1196.0480140729856,1347.879531243335,1347.879531243335,1361.14013671875,2.01614548038682
"Congo, Rep.",10.378649970689432,12.13002181977576,1.1820446384472765,12.415988888798179,14.980903170723572,11.379620362678105,13.207621661714,16.7,21.717486771712945,34.08935614300938,33.13700511872994,62.22617616181544,68.34505297817729,72.0571514560363,41.59330658480794,29.796433426657536,7.710018069123593,0.0,0.0,26.242892954918048,12.632343286695981,2.9448249031700855,2.9448249031700855,2.9448249031700855,0.02044023671250146
Costa Rica,136.0,198.4434131312532,250.64648638164203,320.879535,319.54635212,420.34641,513.156290876979,617.920087505542,604.768805,513.0918732530711,530.6887859999999,520.2196733109121,562.342745046091,596.399211049776,593.9253843787719,551.988507633386,545.423773110502,560.3666190967065,533.5096631366689,553.3779770611783,524.7867478480965,594.1306964499267,620.8364359573591,633.2531646765062,0.7398681676323241
Cote d'Ivoire,0.0,0.0,0.0,0.0,0.0,163.23875749922362,166.90988313886047,184.93682451327624,199.72140215665334,316.3463240110485,373.8419592253221,397.1,367.0861670107405,384.7786362227161,387.2143023138127,336.38206192234327,342.4350610961036,307.6451279121331,332.0467299618109,328.290412149646,329.1476362441635,440.1941746963372,440.1941746963372,445.86444091796875,0.5613300275940687
Croatia,1008.1,1132.777498285216,1331.304584622671,1565.7901624943406,1873.6036539131,1874.4688318176777,1926.1492137951846,2228.813115934657,2505.3076454293614,2268.8274345239006,2287.050682329733,2524.036566253195,2084.700260030801,2768.842045180204,2774.8203861405204,2676.9499823826104,3223.409432335683,3662.7714369316573,4014.006756501288,4280.379502493868,4186.029861891214,5026.283452140954,5392.391867302506,5698.723270573783,7.106969221891604
Curacao,0.0,0.0,0.0,0.0,0.0,0.0,0.0,0.0,0.0,0.0,0.0,150.1,135.96648044692736,133.0558659217877,143.30167597765364,142.37430167597765,148.41899441340783,160.15642458100558,155.3385707039106,176.3386243072626,132.28778944692738,141.59788725698326,156.39734986964618,116.15060915663815,4.302491967409574
Cyprus,44.986487585456565,77.85033348812023,20.660797834326942,31.813793738445803,77.39164426463583,104.81718133067247,104.5110950447782,142.1760081952923,948.6,593.4131536223546,861.7349435631976,740.5104578375859,601.1168745928115,430.99936255545686,323.088099019211,297.84819640083214,391.57403584509785,464.4577988058695,521.1920466163807,535.4606739145643,567.6430925163115,626.7718055168514,519.762787942633,600.0,1.873126873126873
Czech Republic,293.96505244224153,256.46066082120575,332.6646178298899,493.715526468209,1221.9,1340.5177640313448,1603.2472635994582,1827.0463146538737,1134.4436325227723,1196.0751954603998,1229.0638816270884,1394.3126326162096,1409.1301369355406,1737.884336691725,2628.2617382296567,2674.8280993128233,3126.3880800369025,3585.217056966093,3935.9906090368004,3859.9370904262287,4185.806688224556,4386.865792787086,4152.543466918551,4190.216683166042,1.2508109501988183
Denmark,666.510055905243,698.6232815302964,784.8592968296194,940.5723016745596,1075.3950761326073,666.1,740.2663887569818,823.2039591886152,1051.7046646436172,1019.0664919517906,925.4674621024935,1149.8859329697973,1182.2442398315327,1370.760789335187,1483.0218000094765,1258.2556625499105,1247.0147927381856,1314.4514482438756,1415.2970487907714,1451.438646961988,1331.7244416912388,1412.5530995655174,1247.336048770724,1094.23486328125,0.25991326918794533
Djibouti,12.288924775350127,11.945690154793187,14.956026580989304,24.667878303633223,24.74102666539126,25.84950568587843,28.471593115051117,28.640397026800432,30.328436144293587,32.466619026451575,32.6410497352592,32.35970988234367,33.265624208731666,39.787081999313536,37.87959779654627,39.71393363755549,40.23722576397837,41.3231975962323,59.857867106307076,79.46162805746084,64.05545771180671,79.43349407216931,54.68164825439453,57.95040160083106,1.4962665014415455
Dominica,13.522222222222222,14.342592592592592,14.457759259259259,14.804814814814813,20.03114074074074,21.772344444444443,22.075033333333334,22.482585185185183,22.686333333333334,22.138522222222218,22.889296296296298,22.87014,23.24889851851852,23.55113407407407,50.5,55.92820398447578,44.03372366543874,44.35132107677777,42.14141837154777,47.50608249798111,58.5299435062074,65.07368123948073,60.86143824353114,59.158267974853516,8.487556380897205
Dominican Republic,1838.8,1981.8000000000002,2194.2999999999997,2325.4,2501.2,2719.2000000000003,3053.8,3397.0,3605.5,3414.7,3887.0,4240.7,4262.1,4485.5,4810.4,5196.200000000001,5508.400000000001,6177.8,6817.7,7420.6,8331.6,10742.8,10278.1,10500.0,8.677685950413224
Ecuador,1322.301,1420.558146516312,1438.022869282196,1633.427047615,1838.041770903952,2460.0,2933.8088114285715,3341.3378133961905,3088.63312931,2742.43621102,2599.02703868,2680.596336985672,2476.225961805425,2458.803089220696,2472.44938928992,2387.55589200259,2612.1,2849.068577173125,3039.0785088801936,3242.684316953077,3343.6961635299317,4367.441780588136,4747.980446388516,5148.44921875,4.326427914915967
"Egypt, Arab Rep.",2852.0,2911.4,2893.1,2960.9,3340.7,5017.3,5329.5,7655.8,8694.0,7149.6,12453.1,14324.3,19236.4,17833.1,19570.4,18325.4,18590.4,24737.4,25515.7,26781.4,29602.9,31487.0,28332.8,24200.0,6.080402010050251
El Salvador,1764.2,1924.3,1952.6000000000001,2121.3,2563.0,3028.6000000000004,3482.7000000000003,3709.05,3754.75,3402.34,3471.83671903,3643.9492460514734,3914.048534333223,3966.47854783584,4160.378001283006,4274.620676029546,4561.580070953144,4996.353544718159,5391.738701989458,5656.754219242,5931.31288860975,7476.058041287666,7692.816875171771,8142.0,23.039701179999433
Estonia,4.052634247421137,11.02069807822904,19.14898040544515,42.0,154.97934813131303,254.60979500136636,392.1388009366254,381.2827572484455,416.3292383763164,340.0513235246271,357.08404416565554,438.65059766998485,460.6755916392873,564.7964693698217,543.9235816511024,457.28265245569617,486.48263842394397,505.09128378608125,570.4044768833152,541.9152437628184,506.8469486161488,589.9003309840547,470.07263983133276,470.0671366676494,1.1245894319664331
Eswatini,56.79607348596762,52.71709455129153,44.13093443095732,65.2252955291864,82.79758053498676,95.42186976245138,95.65506859028683,95.12218316581185,89.63736605595543,93.45776261989944,54.69032384546754,63.5,88.54567984065535,75.12041321162052,95.82445754996988,95.77140233739917,98.42104399320314,144.41539356301146,125.73732212868364,118.70208180913475,112.4953804324686,132.16822463549124,126.48260527569127,120.42802429199219,2.590964378054909
Ethiopia,53.15888237897322,18.31371817094932,32.986894422365694,46.47019246490139,133.74280623581402,173.51940568387914,172.1533139617547,357.8382249897524,386.69626584283697,261.6019514955375,436.14387630500414,538.3398946721045,624.3606698982318,833.03131703511,1796.3777867329459,1086.9867512465355,772.2359465950187,393.3791700034507,436.3254630907813,479.6241652646044,404.0883198912432,447.64708405272836,510.20121539532005,591.9537353515625,0.379457522661258
Fiji,43.30133310930515,77.58487231159816,99.40191941412463,123.67844064754311,172.64520991326413,203.29999999999998,204.57973618473557,183.21247867885788,146.67733987413212,171.05720950971997,175.6311330687888,160.55665446129225,190.60785830126838,203.57006885891676,220.96773441727802,252.3574999767819,272.3625814157208,278.7379641410944,290.06156517025016,286.5678121226235,317.15561585627864,393.6351988434529,458.8274022879663,500.0,9.072763563781528
Finland,472.7284151845379,490.7180396706617,477.15254736738075,526.3819392564815,666.9138667936505,692.3,714.7988891637351,805.9500149632679,959.1889120401886,865.768666007242,893.815226240978,756.0663203449628,862.1229796321294,1073.207238903872,1068.5296891222858,865.4198807089756,860.9645174730907,908.3031159411518,841.0533464652016,841.9617793289942,598.1306609905619,667.3552991341984,594.1480717938331,600.0,0.19607843137254902
France,8869.551606788604,9194.240138207766,10599.319442280834,12231.755970685032,13342.61413762633,14205.076472607723,15535.237652181057,17586.416269286423,20085.696122606478,19665.37019378969,19898.258274131123,22942.280254420184,22666.366758942182,24412.28215306871,25358.374728240142,24066.98983709343,24042.348847356203,24884.54785586625,26229.274711196893,30024.725081068365,28752.097584249575,32831.82860782104,33927.902318535,34000.0,1.1147540983606559
Gabon,6.050763423885009,5.3639746917477025,2.846533111635563,5.989329181287312,6.852364361493555,11.028154171889966,0.0,14.409511050850195,20.654067555365682,13.846230032531393,38.428998663362975,21.792198449752753,22.586458562340066,16.527000609492294,29.467150852898904,18.458042253041338,18.458042253041338,18.458042253041338,18.458042253041338,18.458042253041338,18.458042253041338,18.458042253041338,18.458042253041338,18.458042253041338,0.09554346629246513
"Gambia, The",0.0,0.0,0.0,54.06983927439084,60.748749170970285,59.30408754372935,63.77351734188231,55.662540369808276,64.8115589717228,79.8011531264916,115.69906099702122,91.35895377459771,106.34945309241876,109.8292219546199,137.77120940502178,154.0,145.67879470127195,160.16734528004727,212.03473609745973,275.8251074550239,416.41888066787203,547.0514238019668,547.0514238019668,627.5245531781478,26.278247620525452
Georgia,205.9,218.63875366000002,226.32892933,248.45369534,358.59013545,446.00539862999995,627.3487795,883.06542597,1065.02129603,1111.6197131899999,1183.9357497199999,1547.2744398999998,1770.11517534,1945.2848523400003,1986.47492363,1458.74131121,1520.7852314900001,1793.94516051,2034.28845575,2258.2114247199997,2109.6587567999995,2643.9261718099997,3853.68888898,4500.0,14.988508809912402
Germany,3603.5027643405324,3883.047671218293,4653.643267733183,5748.39826745015,6515.541640728715,6863.864314545274,7484.148242432156,9767.490708608007,10973.688792700734,12344.791663191028,12788.812789754647,15337.1236349972,14637.030444177963,16395.715917419664,17048.571932087223,15565.846786313503,15192.007972778543,17692.27686560431,18903.42094891026,18339.309879491135,19320.45347737369,20783.843639971143,19288.421048579607,19000.0,0.4288939051918736
Ghana,32.3968,45.90912,43.52,65.100096,82.3712,99.184576,105.253248,117.363712,126.104704,114.45568,135.85216,2134.6,2155.495,1863.99,2007.8314801099998,4982.442361786237,2979.9342043838333,3536.41,3520.566623368319,4053.694728810487,4291.95680055747,4167.753823845412,4632.532969451735,4892.652759167564,6.38494122144329
Greece,2193.8199059372105,2014.5910085579485,1660.3977795845815,1565.0541042834946,1242.6839950921994,1219.6643836797045,1543.1100711646984,2483.2411405447383,2686.8264650364677,2022.1,1498.7822974456456,1186.959012169924,680.9819133354397,804.7148126742379,734.9256030884304,509.33631624209403,417.1643664129999,400.8701861900816,489.6995914085834,676.3275047942121,611.3819795929835,688.8662616235077,600.5812319360842,530.0946044921875,0.21904735722817664
Grenada,24.233333333333334,24.31111111111111,24.755555555555556,25.278348148148147,48.111111111111114,26.83611111111111,28.443188888888887,28.624935555555552,28.850324444444443,27.65259518518518,28.47510222222222,28.94881296296296,29.29435296296296,29.645885185185183,41.0,43.35471542222222,45.07013110481481,47.27275303,47.993599794503325,63.36536229537852,70.43071466783333,69.28960141038888,58.0735261677699,49.3203239440918,3.7764413433454673
Guatemala,596.1999999999999,633.75362854,1600.19205656,2146.9599,2627.5,3066.6,3700.1,4236.2,4425.599999999999,4002.15502,4224.6799599999995,4533.04895,4965.274170000001,5303.72762,5751.4429900000005,6481.89646,7362.67402,8393.8821,9437.6745,10655.60136,11405.4392,15407.57261,18202.86871,19855.0,19.276699029126213
Guinea,1.16645504759399,8.71587025803118,15.19,111.046017147184,41.64,41.57,29.5,15.07,61.519999999999996,52.0,46.260000000000005,64.5,66.3,93.00999999999999,121.42585321843644,130.58230843255544,52.17078085923376,44.66,28.43,158.13,22.53,343.90999999999997,527.2757,557.8080025248556,2.4038267723544737
Guinea-Bissau,0.0,10.028122573508993,17.63157530689992,23.12627794475232,27.69907395075559,19.898832076355045,25.5197024283581,43.0,49.4605522493049,48.8504138199777,45.8902779656637,52.110120361856524,45.635184423328276,63.787684420984604,92.4196764989074,84.95281399805239,56.431259999999995,105.17955753265403,127.98353275129469,151.18524487050541,174.93840922270948,206.10762424130462,206.10762424130462,184.3947739203079,9.261415063802506
Guyana,27.3,22.3,51.0,99.3,153.009,201.289,218.076,278.496,273.89601429000004,262.06584588,367.80540629125295,412.2,469.25840552263304,328.152658498687,329.658104853318,302.8,269.1739929198615,322.34061754677305,333.6927460462953,380.35840096864416,429.12400589418496,547.871142789224,547.871142789224,548.8362784139056,3.361113836817353
Haiti,578.0,623.58,675.66,811.0,931.54,986.154,1062.869,1222.089,1369.753973315068,1375.546872,1473.8047208907408,1551.366394178082,1612.326050465754,1780.9952739178082,1977.0339263287672,2195.5602271369858,2358.626245358536,2614.165423807056,2966.2379667063005,3026.149513655238,3455.277839543264,4196.39388296965,4196.39388296965,4247.29833984375,16.344563764503
Honduras,474.49823999999995,610.4415300000001,801.39897,865.3890508,1169.104059999999,1805.194920106384,2358.468900000001,2613.6446625,2821.3441231850165,2477.3391314195183,2617.9068393902526,2810.5925357063397,2920.36978301134,3098.2393419431983,3369.514366551997,3666.201326867455,3863.7391591175847,4322.76161352253,4776.545983269651,5401.465664932511,5588.64652067925,7203.426672830171,8485.37837970857,8800.0,25.888444339844668
"Hong Kong SAR, China",135.53820651057876,152.84500782352205,120.52956077087357,119.69111792925976,239.85656754205456,296.76118934199104,294.03363238651156,316.86669006273735,355.34724502095935,347.7924469462707,339.5693688770982,351.6385092545054,366.815267282392,360.2375414268584,372.4490601358869,386.7505526101189,399.4928891858865,436.89843864628006,424.5738146195669,451.2467221431415,426.57257959694624,453.0908767034716,414.37050155978034,407.8808288574219,0.10566860851228546
Hungary,363.17402970305886,364.2564769072126,443.55655258167894,466.99351586165955,632.5551081311414,731.5031549904734,858.6563445180171,975.9843309703352,1312.2025771527226,1575.1729362185347,1849.914264458907,2305.025006287588,3147.7756167684706,4159.619080928545,4202.893824680914,3953.8579492320846,4171.221936876753,4123.722117797818,4404.806612471233,4892.485259157469,3951.4868134517833,3798.950950588344,3589.3368014848884,3612.6210711025874,1.7708926819130328
Iceland,35.74518045416923,39.34622356144953,64.78212571908071,48.98014553793576,61.00785180673971,65.77299279247077,80.28882038081316,110.01368523176225,120.12922597402539,94.04851351520168,135.5584712217789,150.9204658157094,154.53379144200161,207.34081794019843,217.7282986921279,216.94155852662192,209.08209273610737,188.41794778547242,174.3743573500217,185.47099943663758,167.33473800161906,193.9489585993875,198.1350637055937,197.15862898395147,0.6449415406737045
India,12883.465957061564,14273.018777531108,15735.736285913736,20999.150983033152,18750.377106624073,22125.08948049822,28333.64227985408,37216.75527525027,49977.27691632093,49204.0,53479.96008324322,62499.075444736685,68820.51783765353,69970.36084678584,70388.6427965471,68909.69335283508,62744.36408995114,68967.17549986654,78790.1709286742,83332.07800230315,83149.1729341043,89375.15221756576,111221.77472208794,125000.0,3.351206434316354
Indonesia,1190.2,1046.0,1258.917563063772,1488.7093511025482,1866.3149895774525,5419.620728753052,5722.357516702608,6174.34,6794.200933375532,6792.90728044703,6916.0,6923.970511398392,7212.196577559198,7614.4193400284385,8551.164468842939,9659.16863894442,8906.655810838552,8989.52997052679,11215.344812152032,11666.395059140663,9650.926141693348,9402.427088854847,9959.895079285336,11000.0,0.7746478873239436
Iraq,0.0,0.0,0.0,0.0,0.0,711.1,388.9,3.1,70.89999999999999,152.0,176.7,223.0,271.0,727.0,729.4000000000001,1004.5,986.4,1088.5,741.7,859.1999999999999,644.4,839.5,839.5,879.4099731445312,0.34486665613511025
Ireland,0.0,0.0,0.0,0.0,0.0,512.338250410883,539.3480537303546,589.4150668563838,633.3777468658376,573.2356937986327,658.0099288600268,756.0011229775381,694.9963385359762,722.4346184989296,725.8,603.6135047997215,575.4848136944008,596.6770784721705,623.6290690018316,586.6861334686076,276.0510177038462,179.85461962481943,435.7109029356076,430.0,0.07288135593220339
Israel (using CB data),2952.0,3393.0,3395.0,3132.0,3355.0,3736.0,3680.0,4402.0,4536.0,4619.0,4740.0,5074.0,4680.0,5688.0,6185.0,5890.0,6363.0,6194.0,5915.0,6188.0,5991.0,7653.0,7047.0,6277.122765669172,1.2025139397833662
Italy,1789.5018170885378,1932.443183074067,2272.6720676290447,3023.1928380365134,3688.7530064935054,4091.531781337578,4075.8284706487066,4595.241395320212,7354.8129454454065,7041.290726546469,7975.13324632032,8731.2473183441,9166.13934136161,9436.137008119353,10099.257246157364,9607.7443145481,9512.833703542236,9742.186171708572,9899.652023342496,10458.515879004206,9888.52692204561,10508.060200577194,10529.552165016266,10706.243840747997,0.48886958176931494
Jamaica,877.7,1046.6,1241.6,1379.6,1601.198135312361,1761.6287670155868,1923.735273678847,2122.0910214748583,2156.589500350288,1889.4943488634688,2026.4458249759298,2105.6,2168.1366834815176,2171.8875410919377,2268.785014341634,2361.233874368198,2433.422795727699,2462.677565499129,2501.61491892378,2562.5420947391153,3066.8735001506,3706.698183251931,3687.5549090826244,3709.092529296875,19.770228288987127
Japan,773.4067103557693,1249.5464320160756,1126.8670328823873,811.1411205962971,773.574711069961,904.9812406670811,1176.9884800851519,1383.9306444626043,1732.3789225010298,1594.5321775519146,1684.4689552935806,2131.7292253891133,2539.5776646131258,2363.853398356649,3733.91254177727,3325.097902926649,3830.448522346872,4443.028775379865,4369.453719144173,4388.723265722539,4887.784631455669,5293.894065137563,5383.669139406728,5484.76611328125,0.12966350149601064
Jordan,1845.133991537377,2011.3340861589002,2134.9792879915435,2201.1283497884347,2287.4471086036674,2420.874471086037,2793.935119887165,3326.376298687921,3510.1603013303866,3465.211267605634,3622.9,3683.9436619718313,3848.30985915493,5342.816901408451,6369.718309859155,5348.30985915493,4374.647887323944,4431.971830985916,4471.971830985915,4564.084507042254,4819.154929577464,5072.112676056338,4912.816901408451,4940.0,9.875654711926753
Kazakhstan,67.5,85.0394,111.24820767336809,42.197790000000005,57.3773306015159,62.02192132837982,83.5898699401791,142.9914140168594,125.57054736195893,198.20118760169913,225.5562342729991,179.70829069988568,282.9848489482565,341.4058706617075,401.3809961148752,294.269675872008,384.1653778289525,560.420963876735,618.039381045251,506.076000839177,374.391281095021,309.88623013617655,480.8028898419563,440.0,0.16988416988416988
Kenya,0.0,50.91442627810643,57.14347997655422,65.8452953810806,375.8113342318595,424.9910459290285,570.459274012713,645.2078713725798,667.317334023689,631.4608831647521,685.7572724433589,934.1,1211.0214394934785,1304.2772308237643,1440.8462498175202,1569.2678498375965,1744.639174701272,1962.2731064777136,2720.3660614597475,2838.1922154157687,3107.9322533957934,3770.089638547689,4059.7102013119784,4213.7300000000005,3.728964601769912
Kiribati,0.0,0.0,0.0,0.0,0.0,0.0,13.0,13.940691551176812,14.372521404929614,14.047575979680714,15.649980555274876,17.03062596336278,17.642506704903948,17.254064883028985,16.381031103750086,14.048045104427537,16.29495963882108,17.959541391539766,19.97814662539318,20.075191137546227,14.916124276333015,13.358399683446219,13.358399683446219,15.0,6.097560975609756
"Korea, Rep.",4523.5,4516.2,5134.8,5875.200000000001,5935.2,5200.400000000001,4849.5,5154.9,6978.1,5999.5,5853.7,6602.200000000001,6589.1,6475.4,6573.5,6463.9,6523.6,6526.400000000001,7125.1,7166.099999999999,7434.8,7742.3,7824.5,7939.0771484375,0.4642735174524854
Kosovo,0.0,0.0,0.0,0.0,621.9087134792825,701.5901779433525,771.4674845661009,919.8923996884944,1046.5230298983674,1056.1120839147234,1006.6782347251717,993.3766698146417,945.6134956509145,1058.4,1098.945957014749,971.416387750092,985.7984593482142,1112.07835384235,1235.7279383115251,1248.9907310196013,1436.08766397194,1695.0696537904148,1612.8542762532506,1900.0,18.148820326678766
Kuwait,0.0,0.0,0.0,0.0,0.0,0.0,0.0,0.0,0.0,0.0,4.808113944576345,5.635456259646227,2.613869436081825,4.224467042775712,3.8395173581911215,34.2658945302209,3.9925227458020185,22.95178693461897,27.716388994871355,25.700374716704466,22.51747107939129,806.6549186196534,22.100868619100986,22.92821877626512,0.0143301367351657
Kyrgyz Republic,2.243715,4.5339288,30.2931986,70.327782,179.05744,313.2502583113,473.0719157204,704.0046678118,1223.2726730329,981.9640024539,1266.2,1708.6940277327,2031.3742133819999,2277.9981142017,2242.8272921751,1687.7019822203,1994.6079576931,2485.7780599718,2688.5701223895003,2410.50718454596,2422.8246416126,2792.4982491179344,3225.16864975035,2600.0,20.503114896301554
Lao PDR,0.66,0.694575,0.72930375,0.7657689375,0.804057384375,0.8299999999999998,4.237233,6.203732835299999,17.77460343,37.57633507,41.77422463,110.29781309,203.0,170.4367680741486,188.0482396744174,189.2123135843155,189.3618940168594,242.7085780928015,239.8795269904458,296.51656666,232.16610395130442,220.8244852821029,198.25799999999998,225.0,1.5796124684077504
Latvia,252.1,273.69269882206095,112.55979575536406,157.50305434165813,218.56619058441572,379.0536878120519,480.1300500638068,550.4873146533757,1920.4291814745275,1586.6611340381332,1257.3660645021607,1505.6933694196332,1498.595197676791,1604.4421209420677,1553.4806344615517,1335.7687392555945,1234.9454900678556,1274.146124406233,1237.349320485349,1142.6118381222818,1088.3497052220391,1317.4046080086587,1294.1662049377737,1275.0352783203125,2.7321403923894585
Lebanon,0.0,0.0,2544.451535,4742.99966121,5591.43608333333,4924.31061523333,5202.23775,5769.24,7180.59,7558.13845377696,6914.055025099558,6877.5470815,6671.241574600001,7566.589339800001,7190.7945849,7480.8170466,7605.7296452,7061.8533643,6977.962173687298,7370.92,6593.41,6353.54,6435.3,6370.0,27.53767981085169
Lesotho,477.5971309811805,401.25777224988934,388.6790663192476,556.8650028016419,627.1551124098854,599.3,613.8645882665558,638.1513329551615,575.8568857999583,547.9250963572177,610.1247698633515,649.3357497317688,554.5585120292698,462.91882281784547,392.9943390893694,370.82847772833594,453.52959480896493,549.8100842714994,581.8038164156749,529.0523375431716,449.88736949171584,474.4679323638953,533.1237695021268,510.0,21.491782553729458
Liberia,0.0,0.0,0.0,0.0,58.4468761064318,31.854955648097373,78.81494227944161,61.97717809188323,58.122231576023886,25.116904333937377,294.2,523.00250743,546.822359375,412.74770929605995,512.00026758,654.4244794800001,580.1277514349999,403.47587271498196,459.9247320528644,346.24409157435736,335.5792024126631,530.708600705179,689.7389029983644,800.0,18.40349666436623
Lithuania,49.9425,79.14999999999999,109.24804556063216,114.83399825069156,577.5,745.2713345290193,994.4080395057871,1433.0952984501869,1565.3093572393725,1239.844220627105,1673.1600286782077,1955.4154937362566,1507.1823542996176,2059.903380927535,2113.2409541368534,1372.817412189625,1279.9323716724523,1302.5531537063753,1386.978491325092,1303.9403111796385,790.5795094072205,778.0773997683983,735.9475662748938,900.0,1.1331159429413171
Luxembourg,578.5263808885458,576.6375359027429,770.6,977.2107791262785,1112.3062646979827,1188.8069292573894,1293.5355842210477,1479.29456454907,1661.639088357094,1676.2765069013508,1669.576588118364,1810.6201506835719,1717.8985080578204,1921.579735117395,1888.0916677720563,1675.2304378839958,1739.8759756337552,1907.5359126371566,2082.8918757231827,2099.004091445582,2333.412753383011,2425.3751569120145,2222.825128212574,2230.0,2.5029462932824513
"Macao SAR, China",0.0,0.0,46.6,47.74074136947259,53.334689020645754,53.15023934344975,55.465112188229256,54.385821926761324,51.59891343756149,48.381809270058234,46.853508748751764,48.29266947395773,46.907064121934,48.65908305471609,36.8648002918195,39.52760917401749,27.588639772344546,34.55380468180853,42.116218095763266,55.002381922722336,65.76894456454902,73.90016663790011,83.37379178810615,90.0,0.2338877338877339
Madagascar,11.270072554078133,10.871296086989075,29.32359614411928,16.231547699999986,11.50665420000003,101.7,150.2601890294235,254.48869694511393,313.99194109928317,283.721276649106,455.82554421364654,335.01524696463855,330.4956199416386,357.75433094422516,344.4382440306443,326.84454139642384,299.204626141945,342.77697791885714,425.50222571637795,407.6762041976014,495.3565274463688,439.7124548280044,385.29031063386407,380.0,2.4107086214553064
Malawi,0.7468862101538257,0.7468859698471927,0.8436935914386621,13.899999999999999,18.32101640091972,22.53187949325162,14.789977686908165,21.013521962024186,16.674296964880824,16.656710074261262,21.767663622821686,25.320230685926397,28.30329899317558,34.132322305870034,38.48716924179524,41.4939770380251,39.05313312538211,78.88038423457674,181.0673274828296,280.9131545583414,231.6508645074323,258.8556104283775,258.8556104283775,260.39801025390625,1.9763054815870238
Malaysia,342.3684210526316,367.10526315789474,435.0,571.0526315789474,801.8684210526316,1116.9725603209508,1365.476253086731,1556.23630516812,1329.0708497575908,1130.872358133181,1102.9,1211.4960957124638,1293.8057384502793,1423.3702519525066,1579.517557430409,1643.720838276362,1603.9185514757364,1648.944928461602,1685.5785020388514,1597.3537419228396,1426.684074925246,1552.3346229883848,1619.5760504520913,1750.0,0.40603248259860786
Maldives,2.19685487,1.82311875,2.01219212,2.01219212,2.90009228,2.25725,2.8,7.934160760544049,6.26565133265537,4.51069134711864,3.15919848033898,3.0,3.1474158864660997,3.3047866807894,3.47002601482887,3.64352731557032,3.82570368134883,4.016988865416271,4.21783830868709,4.42873022412144,4.6501667353275105,4.88267507209389,5.126808825698579,4.710815906524658,0.06751921895549173
Mali,73.34612069233258,88.24440682261452,138.30354725188664,154.1445020544294,155.74260715295648,177.20000000000002,212.03018137218257,344.37607221802955,432.7353858084451,455.56665129988534,473.2067808306556,785.1354461470038,827.417011957934,894.7633661940445,921.4906037240983,816.9302326866449,827.2425328738499,885.4446630731993,1022.5735917696402,971.7009361364151,997.1370837754384,1131.458579748621,1056.9238572149532,1153.6200000000001,5.413768830071801
Malta,17.49706134313124,12.930129415612633,21.20164469452985,25.79480403738301,319.2,222.082588835843,208.7959741033821,229.28669843600773,264.46240560039047,259.90291694639416,229.56634067297168,227.12490998633865,200.10844148953873,245.87845010781047,252.7798640119282,274.4002666356862,251.4287165292825,269.54519067137426,277.4126633252043,245.29346926510576,259.3585167694926,269.4810412917156,225.99447230848222,233.0855107989586,1.1475826438824215
Marshall Islands,0.0,0.0,0.0,0.0,0.0,23.7,25.99330122390096,25.14195952474577,23.06484527965272,23.58655115648146,22.21493354668793,22.14527140913637,23.236798198135183,24.55543490566739,26.081549295667386,27.34002891,28.34002891,30.450053000000004,31.450053000000004,32.450053000000004,33.450053000000004,34.450053000000004,8.350053,30.0,10.830324909747292
Mauritania,0.0,0.0,0.0,0.0,0.0,0.0,0.0,0.0,0.0,0.0,0.0,0.0,0.0,0.0,0.0,0.0,0.0,77.2,60.391856660915096,64.45891364075639,168.665175560508,13.175224822390502,109.28956624275634,60.0,0.5793183354253162
Mauritius,0.0,0.6158512813217288,0.6339813126053331,0.5737143116147632,0.7297100220199364,0.6091944962026421,0.728800694863442,0.7035949696594125,0.633706427620866,0.6604629571478672,0.8143589092373836,0.5189946690724748,0.8619425999417306,0.6,327.0380038404852,223.57778135729146,194.06662908120782,250.24313492637407,244.6212624709419,318.5116662233815,284.7282984129292,272.4745958083065,273.8380515457301,279.31481257664467,1.8848425168813328
Mexico,7524.74298,10146.263,11029.4481,16653.686410000002,19861.747957,22741.840917999998,26542.8,26879.863159,26041.489177,22075.734996,22080.259154,23445.660523,23208.64919,23188.811955,24802.081325,26233.171803,28690.957405999998,32270.507679,35768.416627,39021.789684999996,42878.274907000006,54130.298399,61099.973681999996,67000.0,3.7016574585635356
"Micronesia, Fed. Sts.",0.0,0.0,0.0,0.0,0.0,0.0,0.0,0.0,0.0,17.4,18.0667,19.428,20.8033,22.046599999999998,23.338700000000003,23.338700000000003,23.338700000000003,23.338700000000003,23.338700000000003,23.338700000000003,23.338700000000003,23.338700000000003,23.338700000000003,23.338700000000003,5.095786026200874
Moldova,177.57999999999998,242.20999999999998,322.59000000000003,484.02,701.37,915.0799999999999,1175.8200000000002,1491.26,1888.02,1352.3,1752.83,1813.1100000000001,1986.44,2191.54,2075.92,1540.12,1467.22,1637.87,1837.9299999999998,1909.9099999999999,1876.62,2119.33,2037.35,2030.0,12.687499999999998
Mongolia,1.101304347826087,26.684782608695638,68.6958592550305,79.3554470978752,202.50801137265302,176.9485040516053,155.19192028066794,178.0297,224.59524717882738,199.61869431619638,266.2425605476421,249.64262081991893,323.8364150582626,257.13472174311795,255.12182701950377,260.91076982618347,259.87635918620157,273.3649981183591,440.5541402696879,560.9304203745014,548.8333354114078,471.16209943525917,399.2246080673436,440.0,2.3426685124054947
Montenegro,0.0,0.0,0.0,0.0,0.0,0.0,0.0,196.4250724074637,298.10423613286787,303.16504774188934,416.0,509.6077322205257,507.50092144347667,545.3084400535998,543.3541885526564,469.7346523345685,480.84412910126696,522.9973134910392,588.9079415674514,584.3155219174278,600.7032237551352,792.2088064855958,830.1451837270868,820.0,11.618022102578635
Morocco,2160.9623781427795,3260.9202444489174,2877.15260081515,3613.916567191902,4220.836008115236,4589.2268197973135,5451.371054823404,6730.47244080241,6894.2877291636005,6269.117560517457,6422.541530266342,7256.3108916754445,6507.905288199016,6881.6999600007375,7788.7,6903.543638091318,6383.47388382103,6823.0021181119255,6919.4199476764015,6962.578453172337,7414.138465639634,10906.279156317167,11168.172545082727,12130.0,8.251700680272108
Mozambique,0.0,0.0,0.0,0.0,0.0,58.891885441884696,80.03249215999999,99.38583574,115.7439721002128,111.12526322000001,115.77723451,129.66976954999998,174.107424238,152.4109986753325,155.46496593,142.87913645926312,93.372689548241,257.9367724612527,296.0701989033153,299.5675891917521,348.81381334300505,453.9720658229529,303.0696324663399,450.0,2.051422319474836
Myanmar,102.15260479580986,116.15817561650222,105.38564632299244,84.4121316914657,116.57311583633006,129.48892789472836,115.16816405507785,81.00905788906962,54.74402016984306,54.472032224862126,114.8548492887616,127.07598113309079,274.6160617003347,1643.9,1807.6776750136974,1933.727555493913,2254.71479643757,2452.869388047744,2673.495005354467,2553.1897881547375,2671.564197668841,1282.0952736829731,1260.8250130267747,1500.0,2.003713549111019
Namibia,9.161114180786527,8.45465175410639,7.555142476210502,11.791151981606111,14.594461808220803,17.498634632705308,16.44277704843923,15.682090943200823,13.56341596826961,76.5,69.20729923027315,78.7551905167114,80.11467313380544,64.10303495198079,80.72193510555013,46.67369335030888,66.47926469682167,48.292447474635395,53.67069132903707,65.59351723388185,64.02688305329184,46.48332087263875,53.838027593387025,61.86662673950195,0.4891802541274765
Nepal,111.49819200285543,146.98515186735642,678.4858919755065,771.0721264530455,822.6089552112949,1211.8232525063747,1453.2314261946558,1733.8585181027058,2727.1404872779203,2983.3368771560226,3464.0926819205606,4216.8940096272445,4792.506200043715,5583.702127817006,5888.650154829277,6729.9356705921555,6611.838543936629,6928.133767088039,8286.629516152097,8244.465869484911,8107.744661563211,8225.960574661203,9292.850970943637,11000.0,26.609255182757202
Netherlands,425.8029338430108,482.75993232668407,484.1178433383348,1120.669354358227,1298.3,1258.7401784463525,1552.63765386427,1630.1813358002328,1649.0994059704967,1713.130795958934,1720.053466233761,1788.7346730316444,1640.149697056443,1618.625741282352,1482.6357498104605,2298.091258748687,2159.8753736270264,2226.489767277553,2450.095812985349,2234.0765879869878,2126.380778548611,2303.7014225829694,2370.4096883928655,2448.064453125,0.2245930690940367
New Caledonia,0.0,0.0,332.71528927875437,448.4358229089674,492.70815154706844,512.2328021219356,537.0603655991019,491.18642397096266,544.1999999999999,509.35001054332685,491.8445067584104,594.2385098901333,715.0084599604606,724.2332908831712,720.8474856008253,612.8987776151355,621.0617158410889,621.0617158410889,621.0617158410889,621.0617158410889,621.0617158410889,621.0617158410889,621.0617158410889,621.0617158410889,0.06149125899416722
New Zealand,215.3,0.0,232.52181212375515,290.4159297125538,322.2731812937532,352.0359378318028,334.68433546604035,383.65289218696034,421.3630244883287,331.04141452919947,370.50294527249656,455.31635556205026,461.7825642283443,459.2391084021633,535.1056000690098,531.7362552514622,528.0724465922548,538.5927097320173,508.9523747721235,473.9296532433967,428.48669909189283,661.4550842669655,577.354203649818,617.1251857172468,0.24784144004708708
Nicaragua,320.0,335.7,376.5,438.8,518.8,615.7,697.5,739.6,819.9,770.3,824.8,913.6,1016.3000000000001,1081.3,1140.2,1197.5,1268.1,1394.7,1504.8,1686.4,1855.0,2149.9,3227.2000000000003,4668.0,26.900247795770184
Niger,14.460552869214556,21.99215009580461,19.055424482481158,25.538999367097365,59.81931525575633,66.39629160943917,78.17763534894539,79.45532989414343,94.1053724236593,102.12560417867999,134.42354747846827,166.2,151.83437000253065,145.9122390859735,219.08029198739527,171.58625302265906,176.37090730043917,264.04127758580694,296.6775600211952,308.6618888051639,520.9437297815642,353.3312201138437,353.3312201138437,530.0,3.104316757453289
Nigeria,1391.8260721356226,1166.6145979659493,1208.9585876491346,1062.8207891281966,2272.7345071160476,14640.084309702619,16932.14407853761,18014.43078688693,19199.97403627177,18370.796914562063,19744.755062593853,20616.772500820665,20542.884459885714,20797.073957377557,20999.1,20626.046924007933,19697.938003891155,22037.016831837824,24311.022415606883,23809.281401014465,17207.547305995482,19483.402058910615,20127.614150513356,20500.0,5.256410256410256
North Macedonia,80.92099,73.439228,105.90271100000001,173.661464,213.016054,226.568479,266.556404,345.010224,406.625951,381.153563,387.931157,434.12444700000003,394.15357400000005,376.06821690000004,383.35330700000003,326.901603,316.287234,344.93888200000004,379.189933,354.625082,470.083749,489.64385100000004,456.314159,485.0,3.069425985697108
Norway,270.44967348013233,278.9711956961642,332.6347943257695,391.70058406658086,464.9724588382056,505.27842501501897,528.8330996311563,616.6765147681496,684.970950370961,631.4712712645976,679.9715403206937,764.9941898875041,766.5,791.4576920308407,759.9475904012228,608.9424522607508,593.5735490104831,615.7765100747536,644.3471303270833,615.7421732309966,589.0068027019844,671.7856907792495,628.8127613715741,593.0079345703125,0.10841095695983775
Oman,39.0,39.01170351105332,39.01170351105332,39.01170351105332,39.01170351105332,39.01170351105332,39.01170351105332,39.01170351105332,39.01170351105332,39.01170351105332,39.01170351105332,39.01170351105332,39.01170351105332,39.01170351105332,39.01170351105332,39.01170351105332,39.01170351105332,39.0,39.01170351105332,39.01170351105332,39.01170351105332,39.01170351105332,39.0,39.0,0.03611111111111111
Pakistan,1075.0,1461.0,3554.0,3964.0,3945.0,4280.0,5121.0,5998.0,7039.0,8717.0,9690.0,12263.0,14007.0,14629.0,17244.0,19306.0,19819.0,19856.0,21193.0,22252.0,26089.0,31312.0,29871.0,24000.0,7.038123167155426
Palau,0.0,0.0,0.0,0.0,0.0,1.5,1.5421848000000002,1.5294964703823901,1.60463952621517,1.59052634096624,1.68546137022149,1.96727355596259,2.36025664851292,2.35993424851292,2.21825244851292,2.2737340607653067,2.362,2.3689999999999998,2.319,2.364,2.2760000000000002,1.8820000000000001,1.9529999999999998,1.0,0.37453183520599254
Panama,16.4,73.1,84.6,106.8,108.9,129.6,300.5,355.3,378.0,337.0,410.0,368.2,410.90000000000003,461.4,756.4,554.2,502.5185,533.3559,537.87717561,580.85415095,455.71223706,567.68474427,526.39835272,529.9640203728435,0.6435663530053475
Papua New Guinea,0.0,0.0,5.661039920055596,6.993823142188962,9.526191358219666,6.846522757485206,4.41211138028146,7.622440284315216,7.350469363244319,4.734583324493478,3.5017314459110143,12.29974608660747,14.254412215444782,14.28089013297042,10.474115128355994,4.0,2.694279502127625,4.262316572697255,3.6468785194992046,29.34786950420379,2.297150997421087,11.901461205000004,3.0,3.0819680024973617,0.009724750733615303
Paraguay,151.7,140.0,98.7,109.5,132.0,161.3,336.0,340.786,362.6,377.3,409.885,540.67,634.1,623.28,506.64,553.6404,656.8584,704.0792,682.869965802626,665.9902824938,583.714988899737,585.384046208308,592.286768132379,600.0,1.3592496941688188
Peru,717.66384,753.211439471146,705.382493064728,868.500000000001,1132.7135897564822,1440.0675360735731,1837.494274238374,2130.814663090787,2443.6445847229415,2408.6981372631412,2533.910907295773,2696.9617225535258,2787.954662523767,2707.2463897856196,2636.5398654455153,2725.0626538486213,2883.8865452924965,3051.238954455856,3224.8,3325.9212188131255,2904.0458639076373,3607.62505386272,3707.5561664788897,4238.0,1.599245283018868
Philippines,6924.0,8760.0,9735.0,10239.0,11468.0,13732.6,15496.0884573,16437.434091535,18850.672419335002,19959.507639085,21556.6338356025,23053.6260190125,24609.679612744534,26716.84026910559,28690.79789649841,29799.39569987795,31141.97347532936,32809.77043390869,33808.96798626656,35167.471832184485,34882.84455007751,36685.313168048,38048.724464385814,40000.0,9.174311926605505
Poland,1496.0,1563.0,1685.0,2284.0,5186.0,7283.0,9563.0,11975.0,12321.0,10214.0,7712.0,7768.0,7041.0,7457.0,7468.0,6835.0,6763.0,7305.0,7603.0,7063.0,6727.0,7132.0,6435.0,6800.0,0.8076009501187649
Portugal (revising old numbers with BOP estimates),3712.360885119973,4023.2465937141137,3523.864737361026,3849.2944710014676,4385.011069653376,4331.149900777994,4912.540958031279,5815.462501796601,6414.3351955826965,5517.765856733756,5467.12958352646,6141.052313474644,6566.424503132966,7308.872311101726,8034.866844803949,7036.549065748094,7128.792806233549,8235.494220116052,9114.765646188287,9228.217982443497,9692.350742873898,10643.002721006014,10899.996858709503,11179.4423828125,4.0505226024682965
Qatar,0.0,0.0,0.0,0.0,0.0,0.0,0.0,0.0,0.0,0.0,0.0,573.6263736263735,803.2967032967032,574.3956043956043,498.6263736263736,437.087912087912,378.5714285714286,665.934065934066,467.03296703296695,576.6483516483516,651.6483516483515,858.7912087912088,1031.5934065934064,1199.9007568359375,0.5084325240830243
Romania,96.0,116.0,143.0,124.0,131.0,951.8,1160.4641576081528,1624.2824120943849,1702.3358175602323,682.4634911500519,641.3866145432804,694.1163833926205,733.2186175435379,4805.772255726118,5083.522748604376,5391.416913719411,5929.792424664305,6555.658958939352,6983.986124916784,8142.029279299842,7625.731190754019,9115.773922138787,8781.328572964216,8517.9189453125,2.4336911272321426
Russian Federation,499.95,986.4100000000001,935.9799999999999,1113.7,2206.75,3436.5600000000004,3820.38,4666.33,5736.97,5105.06,5250.02,6103.27,5787.7300000000005,6750.8099999999995,7776.540000000001,6903.389999999999,6688.67,8235.0,9287.27,10432.48,9914.97,9646.92,7300.49,6800.0,0.3655913978494624
Rwanda,0.0,0.0,0.0,0.0,0.0,0.0,0.0,0.0,0.0,0.0,106.5,174.2024855262305,182.4024780953086,170.199422507475,183.593635929828,159.19995703425522,172.516840964389,215.29239479365663,260.51161555082194,260.71029470442534,280.0691304653721,391.21240025491966,474.15665356134417,553.8132934570312,3.9765440759462285
Samoa,0.0,0.0,0.0,0.0,0.8977803730058316,81.60000000000001,87.08573427273504,96.64960740944393,109.00822634677134,119.48933996766641,138.50477184166218,159.58363073220866,177.6952279931216,164.58341766348738,140.5019510387406,131.15576233786055,130.76785931667982,135.72694000483756,147.56750372038007,155.21480642484525,204.1605213321868,248.4429332403383,279.9667306683449,300.0,31.948881789137378
San Marino,0.0,0.0,0.0,0.0,0.0,0.0,0.0,0.0,0.0,0.0,0.0,0.0,0.0,0.0,0.0,0.0,0.0,16.6,18.70350758260593,17.387420607136917,17.658928653392742,21.04105333402559,21.04105333402559,21.04105333402559,1.0531057724737534
Sao Tome and Principe,0.4638,0.553670314438522,0.797330560841438,1.8214600878898302,1.1,1.5,1.6,2.0,3.0,2.0,6.36325745420498,6.8813344868734,6.35888979036748,26.56672292426509,26.827848805573154,19.980196891773844,18.044840556326566,18.192067227561548,17.776130476022832,11.114429372656327,8.620359247839758,10.59149163834309,7.713888625637699,8.153011951661304,1.2096456901574635
Saudi Arabia,0.0,0.0,0.0,0.0,0.0,93.9,105.6,123.46666666666665,216.18666666666667,214.4,236.48,243.73333333333335,245.92,268.7733333333333,273.304,295.4344,307.52186666666665,290.77466666666663,334.9146666666667,334.0293333333334,302.2530721288757,294.9143197333333,287.0192598222221,281.9849853515625,0.026353736948744162
Senegal,234.06664720221528,304.9449801047431,346.12285138728726,512.0802172894687,634.0316448390196,789.1999999999999,926.0648347735121,1193.3760158358084,1482.0850641100535,1355.8343968954907,1479.1198198459192,1616.0259328887787,1576.2250693752,1777.8972843735298,1931.6247927718873,1757.7544618045893,1980.5814696426387,2148.911385057793,2427.5319062945464,2525.6507792244743,2607.382542727309,3096.6124640399553,3007.0146151776944,2935.906982421875,9.42778646293271
Serbia,0.0,0.0,0.0,0.0,0.0,0.0,0.0,3764.2,3545.4913801502503,4649.881250566666,4117.446496114307,3960.9702721747626,3546.4551398760627,4024.7943070054644,3696.0319971712843,3370.435504059642,3205.3717338393703,3589.6292823923036,4445.606867087187,4237.925900803663,3868.5216475130733,4597.739283383721,5601.112445124237,6100.0,8.131706991934946
Seychelles,3.159009302013543,1.7908536715487842,1.979914964020899,4.855111378117641,6.808310160427796,12.101090909090905,13.269559886984906,4.8,3.1618177223629518,16.123483292672493,17.376950521432402,25.261929149179227,17.66907005592398,12.874328247816278,15.07595504,18.42423092963718,22.087023347099283,21.66124793091416,22.713694642607937,23.64821930783212,9.97968656744174,9.512244926188213,10.040263140919313,10.565240859985352,0.5067261803350288
Sierra Leone,7.134994323952919,6.215277850620011,21.815455099822845,25.889258392989564,24.71483448072466,2.4351050106632868,15.622339175157556,41.97385638288833,22.578604144049276,35.896004039142845,44.21858426691765,58.81161644671469,64.53408120629733,69.66069949672097,62.43010456903304,48.16369459513745,58.2,63.556890498319014,73.20782461809898,177.49312219184694,177.03197147423774,232.35006692924068,232.35006692924068,232.35006692924068,6.602729949680041
Singapore,0.0,0.0,0.0,0.0,0.0,0.0,0.0,0.0,0.0,0.0,0.0,0.0,0.0,0.0,0.0,0.0,0.0,0.0,0.0,0.0,0.0,0.0,0.0,0.0,0.0
Sint Maarten (Dutch part),0.0,0.0,0.0,0.0,0.0,0.0,0.0,0.0,0.0,0.0,0.0,54.1,55.66480446927374,72.54748603351955,62.167597765363126,55.11731843575419,60.89944134078212,55.055865921787706,50.95897860335195,48.59609920111731,38.68624481564246,46.30808033519553,49.172742629422714,47.128282780706265,2.998813627928913
Slovak Republic,17.79579015225293,22.498262783962698,24.38875928483446,425.3240107863747,702.8,1210.9042945183626,1343.434296874586,1661.512193076532,2050.3649715228344,1672.2889948545899,1590.8903463203405,1753.8912357954434,1927.1934037686,2071.6875089307537,2395.6432583978253,2138.338117251234,2119.8345160611707,2164.333033862628,2210.5991861913926,2544.685949430868,2463.6332693261697,2428.8482118085135,2316.1991374668355,2196.60665004942,1.651583947405579
Slovenia,202.29999999999998,198.2,212.7,230.70000000000002,260.9,261.1,279.395375554442,320.2074304812913,380.2,173.45786407486392,164.4665183245306,210.35006295402337,249.08670024032716,314.08254146890147,373.32849007896425,399.5064545620236,451.9757767112005,501.9994756192605,644.8424274236361,662.862979137276,738.0610006117823,826.5225489065652,778.9880600910067,780.0,1.140450916747083
Solomon Islands,4.323108472195456,4.528052886100858,3.2248275194611544,3.881133402503812,8.696489929614872,7.162382821345771,10.7,12.632927017726,9.14155976764478,12.51445730538308,14.278624923977844,16.92891104713517,20.723053994900937,20.640175108853935,16.335086979238188,18.5878908269827,20.282719826863314,16.328761332748165,19.89901772231079,25.474128755891197,27.50884420746028,51.031663595796104,81.1448995911654,85.0,5.029585798816568
Somalia,0.0,0.0,0.0,0.0,0.0,0.0,0.0,0.0,0.0,0.0,0.0,0.0,0.0,0.0,0.0,0.0,0.0,0.0,1482.0,1577.0,1735.0,1735.0,1735.0,1735.0,15.067303517151542
South Africa,324.66374714918993,281.6124383187975,268.2,390.800401778672,468.1177721726315,613.577432378763,691.9302009957303,792.3511905652251,783.6935277672629,862.0516310836649,1069.571380611671,1158.4218064069619,1084.5343063062958,970.6553372038866,913.4031037499893,825.2534798704894,755.4340489497753,873.8611606078384,929.0433811268464,890.0592937282083,810.8816039526363,926.6508436532927,872.8555762311917,844.1080322265625,0.22155066462639436
South Sudan,0.0,0.0,0.0,0.0,0.0,0.0,0.0,0.0,0.0,0.0,0.0,0.0,0.0,0.0,2.0,1138.72,1083.0,633.83,1267.1599999999999,80.44,86.51,1236.0,1186.56,1138.504150390625,18.166653109791365
Spain (adjsuting for BOP ratio estimates),2234.8119272556587,2413.340438664871,2646.538244678023,3197.3252266517206,3457.790872141435,3876.455310474188,4133.736241777459,5189.4192123487255,6038.964576779903,5287.123336981906,5668.504349390925,5876.745834331792,6170.035297638942,7524.970859901125,7468.630925489397,6715.964280341406,6475.087771625216,7383.526382538488,8253.590623178863,8038.901856315759,7845.018410080931,9492.415020811923,9586.244276559464,9377.307531983424,0.5935004767078117
Sri Lanka,1154.2855588841999,1169.8100000000002,1296.07,1423.47,1573.7800000000002,1975.536,2166.77,2507.3,2924.5,3336.7,4123.13,5153.01,5999.6,6422.186627143557,7036.326550644946,6999.731474788701,7261.851525121387,7190.296015033466,7043.0395523926,6748.7020443482,7140.414362132162,5521.864470595503,3819.373806849779,5400.0,7.257715447037364
St. Kitts and Nevis,24.274074074074075,24.759259259259263,25.386555555555553,26.810403703703702,28.447337037037034,30.266233333333332,32.83455666666666,36.129648518518515,40.09924222222222,38.80315074074073,47.03306222222221,44.674842962962956,51.049481111111106,51.57013592592592,21.8,24.305014169703703,22.553665246148146,24.78835383003407,25.93946673644444,42.23723493447555,31.563608777226037,37.061985580672854,37.367020966632296,37.53141784667969,3.5108903504845355
St. Lucia,23.829629629629633,24.13333333333333,24.56171111111111,25.11432592592592,26.316296296296297,27.063248148148148,27.836714814814812,28.605818518518515,28.904014814814815,27.99007,28.99365444444444,29.4444337037037,29.78945888888889,30.146932592592588,35.3,40.50066734860071,38.39053855864226,41.86301178086449,42.919945976115486,43.217252598337694,56.38518519161416,63.27731005514703,62.13609537143436,62.891136169433594,2.547231112573252
St. Vincent and the Grenadines,19.29259259259259,19.453333333333337,20.429333333333332,20.69991851851852,21.448485185185184,22.417496296296296,25.557081481481482,28.865574074074072,26.776559259259255,29.057174444444446,29.055700740740736,29.236378518518517,31.10908111111111,31.587707407407404,43.6,41.78992486791962,44.897122337523335,45.689508231783336,46.33928541770711,79.33818953041506,63.00620252696246,70.05778265579664,90.47293056605612,71.39934824306243,6.871929571035845
Sudan,640.8000000000001,739.6,977.69,1223.6,1402.95,703.7883856576125,800.8287620263694,999.7107500721038,1590.6260894134466,1394.3956431403258,1455.5,824.2209092592693,595.8432438280362,619.5088034041538,506.5568218636543,151.3920104529439,153.41146626078634,212.9360099078092,425.2143506070348,522.3172877555464,495.3550925269476,1119.0195560838908,1499.430935497124,1000.0,3.910985959560405
Suriname,0.0,0.0,0.0,0.0,0.0,3.9,2.1,2.8,2.2,4.6000000000000005,4.3,3.89378452780305,8.05749075,6.9936932785482,8.83380860389336,6.70555950380625,1.4935435663108299,97.9,98.6787565334151,96.17738431311861,124.0286490784125,147.6161115187667,148.17021646700417,154.88377380371094,4.3764841425179695
Sweden,437.8040328525449,578.1847686441224,512.1163098507602,1357.412369776686,1595.817024611629,1811.5060544048483,2245.0901141716668,3205.4551167330715,4095.4911689448045,3967.9542381822653,4060.9779513198623,4384.7,4293.492857777075,4596.010179773401,4561.047961776253,3514.6856031632014,2965.2195217553876,3046.8068865686523,3091.7316213396334,3204.7949406737184,3113.2688596708977,3116.526011186901,3289.4360263086005,3453.011962890625,0.5783939636332706
Switzerland,994.9331495195903,1176.0380862268291,1225.4206929830916,1533.2934659035739,1695.3458133511467,1721.4773651969347,1795.1799124481763,1795.617229755242,2214.728945766829,2341.6191088295045,2494.622576595399,2615.246749251328,2420.42010633255,2437.06315198786,2406.168040984355,2516.975788927969,2524.0939627398625,2591.80929796896,2550.734394854704,2549.30996318163,2824.679133810234,2736.683989186458,2620.017550899783,2521.43310546875,0.2783038747758002
Tajikistan,0.0,0.0,78.56280000000001,146.0244,252.00209999999998,564.3765447599995,975.868229125,1513.697962075,2277.502898175,1565.73689246,2020.5,2722.464917,3222.3506045850017,3697.7308680650003,3384.0551952799997,2258.64322012,1867.3986382685011,2237.179088453,2183.340530606001,2321.884645342,2186.807504315999,2921.713106976999,5345.546873545998,5700.0,48.239675016926206
Tanzania,8.0000148258,15.253,12.0,8.9,13.79841836,19.3663,15.380675,25.461384404054797,36.8197477760867,39.8270935072951,344.3,409.56336621142,390.1388881052253,381.93078418391804,389.48443195931105,387.7684129679805,402.531458346674,402.6347217690493,412.9100780316134,433.4998134069528,326.1607277626524,326.1607277626524,326.1607277626524,331.5947265625,0.3946006051937929
Thailand,1696.78543337549,1252.447488209153,1379.995429497998,1607.3503894042483,1621.875956817696,1187.0,1333.359999999998,1634.85,1898.4100000000028,3808.0,4433.16,5255.62,5656.788795,6584.8604550482705,6524.11489168417,5894.66523342878,6270.0259721066195,6720.1170537065855,7466.0819117932115,8162.162551483307,8256.962268442076,9064.84360260467,8912.47388129781,9800.0,1.9140625000000002
Timor-Leste,0.0,0.0,0.0,0.0,0.0,0.0,3.64232226019737,10.4448778846957,17.6554815100734,113.34785382016959,137.1359476238588,136.896001842,119.85980778,33.64974671,43.67989514,61.6,80.1746,87.04451413,96.32093212956059,100.3846356445606,155.4604684612769,175.486954181369,185.99098418190528,200.0,9.886307464162135
Togo,34.319524404502005,68.56247700135522,103.69991122026852,149.02118219489893,179.33847780527464,192.57704892482474,232.3750103172264,284.8253157633156,338.4237353770429,335.8541543655397,336.9258957269059,244.4,344.74060303096513,397.4720163753853,427.8613545916355,363.7418027994965,367.1668764011364,403.6101429565241,450.8145046456916,507.9628020379594,650.3856102277927,556.636470908806,556.636470908806,559.763671875,6.1438225428054
Tonga,0.0,52.809898195887634,62.20221520092681,58.583707133972446,65.44653840779043,68.96160402290316,78.00332775477838,81.80119710122071,103.48245981385017,81.92155268750932,74.02995413725579,84.30000000000001,91.24870019595578,122.67991024789282,119.29108031858601,129.27811878749333,126.23353532647585,158.60260146375668,183.43513174274287,190.36633035379418,190.55124277393875,216.87849996035538,217.3330170916093,222.0,40.58500914076782
Trinidad and Tobago,38.1000020159381,40.9000021872067,79.1,86.8,86.9,92.4,91.2,109.4,94.5,109.3,90.9,161.8,138.785056693274,145.129593701646,144.83021018799298,155.2027977812408,145.16274321044202,135.09260660289232,138.70832256401448,144.01390974758385,194.4376359168043,233.99362247201734,204.36546653155082,177.1856689453125,0.635370132840795
Tunisia,795.9533565982923,927.1484052581735,1070.313232673734,1250.2538563528797,1431.351033079966,1392.672712791926,1510.039255461017,1715.7573668567904,1976.9642289509404,1964.4887152617061,2063.2946765404495,2004.4987983472881,2265.714118029948,2290.5123641381056,2346.6211141708513,1971.3757726374818,1821.2473425303792,1890.3251805697635,1696.2,1782.0817193552436,2270.301022570028,2969.58274685688,2814.5379559221547,2700.0,5.2661348520606195
"Trkiye, Rep. of",4560.0,2786.0,1936.0,729.0,804.0,1368.0,1833.0,2096.0,2439.0,1834.0,1819.0,1883.0,1881.0,1901.0,1739.0,1385.0,1186.0,1048.0,1128.0,848.0,810.0,724.0,694.0,1000.0,0.08695652173913043
Tuvalu,0.0,4.3,6.542336226017861,5.0775215438386265,4.861511186778476,4.932020084410539,3.6634701957354388,5.604763152171865,5.963465677537546,4.82711285881365,3.919900613760324,4.582719141455037,3.835897958373137,3.6716929035940082,3.243646769272685,2.6342449871811215,2.5468546446929143,2.7422013845472253,2.6700249544765686,2.4050720102756147,2.200934772895113,2.5006520664861043,2.3603622553161885,3.0,4.761904761904762
Uganda,238.1,348.6,441.8300599913406,298.7851841740325,310.532464928579,321.8084929561601,411.0,451.57187589144405,723.5210026999151,781.097319368914,770.7891320222961,816.2318107947771,913.2641907206564,940.6643792763763,887.6113094405423,902.1575404585807,1146.0504273029944,1165.7394107788855,1338.0539247898478,1424.508662670919,1061.902500318169,1082.7503146980657,1269.5473478432255,1294.9382948000903,2.471727991601623
Ukraine,419.0,829.0,1192.0,1523.0,1873.0,2408.0,3102.0,5290.0,6782.0,5941.0,6535.0,7822.0,8449.0,9667.0,7354.0,8474.0,9472.0,12132.0,14694.0,15788.0,15213.0,18060.0,16783.0,15700.0,9.07514450867052
United Kingdom,5074.369392695648,4955.5974759223545,5235.071152581926,5688.562224584206,5938.297738739908,6045.166080363334,6105.706285508895,6556.335761431569,5995.100746382264,5242.9818567286175,4951.40477271065,5099.003470859801,4944.71607276902,4804.502413002342,4937.268134607986,5003.393485699084,4582.283766625268,4308.885979703673,4389.713567251907,4214.814558374681,3248.0941936800264,3460.1239838844294,3877.4011219171134,3933.1472678418468,0.11811253056582122
United States,4395.0,4513.0,4570.0,4672.0,4734.0,4795.0,5068.0,5219.0,5364.0,5740.0,5930.0,6104.0,6303.0,6613.0,6503.0,6578.0,6330.0,6347.0,6941.0,7049.0,6827.0,7151.0,7431.0,7222.9600651641595,0.026851152658602825
Uruguay,0.0,0.00603803,36.053,61.753293,69.896167,76.74038999999999,88.93462000000001,96.476,107.912,101.073,124.891,128.836,91.6,98.84847841869029,97.8307852126922,90.2670582344633,90.443153012764,109.38155484796695,113.95769942460427,112.2717080093769,111.1173913165429,125.7334151960748,124.6907212241637,121.94812123389633,0.15994454807446662
Uzbekistan,0.0,0.0,0.0,0.0,0.0,1029.420730561116,1420.5987372898164,1708.896237769157,3631.858649291289,2179.877472021822,3437.519158033081,4910.053573072126,6089.643561934526,6443.498684208699,6815.207509038282,4843.17972212111,5795.1,7130.151739460019,7609.61369187164,8546.153773204349,7083.725806445787,9276.845181108414,16735.657251497618,16100.0,17.811310735463316
Vanuatu,13.506730138378636,18.43038556368492,4.097122925120407,3.995373325512461,4.9300172067388415,5.097613246008678,4.989726638373411,5.543183072238539,8.906629698821023,11.492043722679417,11.799999999999999,21.765886492138478,22.036537530931284,23.71013091213713,51.42160745316538,50.14165799687272,60.47586189425075,107.40445067491605,142.89595721781092,189.0475297258509,143.6923417833654,153.0,170.0,176.6,15.145797598627786
Vietnam ,1585.0,1100.0,1767.0,2100.0,2919.0,3150.0,3800.0,6180.0,6804.0,6018.0,7569.0,8326.0,7912.0,9429.0,9794.0,8050.696859495781,8556.092341357908,9405.606824784787,10191.360839256888,10885.224766117693,10714.571746268144,12722.088864388394,13200.0,14000.0,3.233256351039261
West Bank and Gaza,863.8,805.742463195066,771.7751175783529,310.077968431949,398.558392986794,378.33723886226903,464.056317922282,598.543423200691,740.7243655141331,755.23590786924,927.139386648927,1141.7130358982909,1737.04955288773,1489.3358220289915,1804.5424445387416,1817.4121087060314,2086.5761755232247,2378.923436814878,2833.9127884559707,3152.8598143883382,2559.6608463205703,3760.462368105667,4049.078712676966,3800.0,19.88290018260874
"Yemen, Rep.",0.0,0.0,0.0,0.0,0.0,1282.599,1282.6,1321.52,1410.52,1160.0,1526.0,1403.92,3351.0,3342.5,3350.5,3350.5,3770.584,3770.584,3770.584,3770.584,3770.584,3770.584,3770.584,3770.584,17.916768828700402
Zambia,0.0,0.0,0.0,36.3,48.4,52.9,57.68,59.3,68.195,41.264,43.657312,46.276750719999995,72.864,53.9802620605766,58.3003024332848,47.0465381293303,38.46444100052454,93.644095262211,106.96562594434262,98.25912081082282,134.8648317181288,239.70936121013088,243.48602292390652,250.0,0.8464247020585048
Zimbabwe (using CB data for 2021 & 2022),0.0,0.0,0.0,0.0,0.0,0.0,0.0,0.0,0.0,1205.7,1413.2486567314998,1919.4760021934521,2113.579667557376,1890.2714729789416,1903.9708515506723,2046.579806182732,1856.0349307834322,1729.8838174758162,1427.703019441,1417.0119528873001,1832.0393808915,2573.6268856875163,3085.043420982216,3115.8938551920382,9.609837944707742
